,0
0,"[ChrisPratt,"
1,"VinDiesel,"
2,"BradleyCooper,"
3,"ZoeSaldana,"
4,"NoomiRapace,"
5,"LoganMarshall-Green,"
6,"MichaelFassbender,"
7,"CharlizeTheron,"
8,"JamesMcAvoy,"
9,"AnyaTaylor-Joy,"
10,HaleyLu
11,"Richardson,Jessica"
12,"Sula,Matthew"
13,"McConaughey,ReeseWitherspoon,"
14,"SethMacFarlane,"
15,"ScarlettJohansson,"
16,"WillSmith,"
17,"JaredLeto,"
18,"MargotRobbie,"
19,"ViolaDavis,"
20,"MattDamon,"
21,"TianJing,"
22,"WillemDafoe,"
23,"AndyLau,"
24,"RyanGosling,"
25,"EmmaStone,"
26,"RosemarieDeWitt,"
27,"J.K.Simmons,"
28,"EssieDavis,"
29,"AndreaRiseborough,"
30,"JulianBarratt,Kenneth"
31,"Branagh,Charlie"
32,"Hunnam,Robert"
33,"Pattinson,Sienna"
34,"Miller,Tom"
35,"Holland,Jennifer"
36,"Lawrence,Chris"
37,"Pratt,Michael"
38,"Sheen,LaurenceFishburne,"
39,"EddieRedmayne,"
40,"KatherineWaterston,"
41,"AlisonSudol,Dan"
42,"Fogler,Taraji"
43,"P.Henson,"
44,"OctaviaSpencer,"
45,"JanelleMonáe,Kevin"
46,"Costner,Felicity"
47,"Jones,Diego"
48,"Luna,Alan"
49,"Tudyk,Donnie"
50,"Yen,""Aulii"
51,"Cravalho,Dwayne"
52,"Johnson,Rachel"
53,"House,Temuera"
54,"Morrison"",Anne"
55,"Hathaway,Jason"
56,"Sudeikis,Austin"
57,"Stowell,TimBlake"
58,"Nelson,Louis"
59,"C.K.,Eric"
60,"Stonestreet,Kevin"
61,"Hart,Lake"
62,"Bell,Andrew"
63,"Garfield,Sam"
64,"Worthington,Luke"
65,"Bracey,TeresaPalmer,"
66,"MattDamon,"
67,TommyLee
68,"Jones,Alicia"
69,"Vikander,VincentCassel,"
70,"DevPatel,"
71,"NicoleKidman,"
72,"RooneyMara,"
73,"SunnyPawar,"
74,"AmyAdams,"
75,"JeremyRenner,"
76,"ForestWhitaker,Michael"
77,"Stuhlbarg,Matthew"
78,"McConaughey,Edgar"
79,"Ramírez,Bryce"
80,"DallasHoward,"
81,"CoreyStoll,"
82,"CaseyAffleck,"
83,"MichelleWilliams,"
84,"KyleChandler,Lucas"
85,"Hedges,Emma"
86,"Booth,Ashleigh"
87,"Cummings,Stephen"
88,"Curry,SusiePorter,"
89,"AnnaKendrick,"
90,"JustinTimberlake,Zooey"
91,"Deschanel,Christopher"
92,"Mintz-Plasse,Liam"
93,"Hemsworth,Jeff"
94,"Goldblum,Bill"
95,"Pullman,MaikaMonroe,"
96,"FionaGordon,"
97,"DominiqueAbel,Emmanuelle"
98,"Riva,Pierre"
99,"Richard,Prabhas,"
100,"RanaDaggubati,"
101,"AnushkaShetty,Tamannaah"
102,"Bhatia,Jocelin"
103,"Donahue,Jesse"
104,"Bradford,Jesse"
105,"Borrego,LoriPetty,"
106,"MilaKunis,"
107,"KathrynHahn,"
108,"KristenBell,Christina"
109,"Applegate,Michael"
110,"Fassbender,Marion"
111,"Cotillard,Jeremy"
112,"Irons,BrendanGleeson,"
113,"ZoeyDeutch,"
114,"JamesFranco,"
115,"TangieAmbrose,Cedric"
116,"theEntertainer,"
117,"AmyAdams,"
118,"JakeGyllenhaal,"
119,"MichaelShannon,"
120,"AaronTaylor-Johnson,"
121,"JamesMcAvoy,"
122,"MichaelFassbender,"
123,"JenniferLawrence,"
124,"NicholasHoult,"
125,"RyanReynolds,"
126,"MorenaBaccarin,"
127,"T.J.Miller,"
128,"EdSkrein,"
129,"MillaJovovich,"
130,"IainGlen,"
131,"AliLarter,"
132,"ShawnRoberts,"
133,"ChrisEvans,"
134,RobertDowney
135,"Jr.,ScarlettJohansson,"
136,"SebastianStan,"
137,"MatthewMcConaughey,"
138,"AnneHathaway,"
139,"JessicaChastain,"
140,"MackenzieFoy,"
141,"BenedictCumberbatch,"
142,"ChiwetelEjiofor,"
143,"RachelMcAdams,"
144,"BenedictWong,"
145,"""DenzelWashington,"
146,"ChrisPratt,"
147,"EthanHawke,Vincent"
148,"DOnofrio"",John"
149,"FrancisDaley,"
150,"AustinPendleton,"
151,"ColleenCamp,"
152,"NeilFlynn,"
153,"SethRogen,"
154,"KristenWiig,"
155,"JonahHill,"
156,"AlistairAbell,"
157,"MahershalaAli,"
158,"ShariffEarp,"
159,"DuanSanderson,"
160,AlexR.
161,"Hibbert,Brittany"
162,"Blanton,Ayse"
163,"Howard,Roman"
164,"Jossart,NadiaWhite,"
165,"MichaelKeaton,"
166,"NickOfferman,"
167,JohnCarroll
168,"Lynch,Linda"
169,"Cardellini,Gabriel"
170,"Chavarria,Demián"
171,"Bichir,Theo"
172,"Rossi,TonyRevolori,"
173,"JohnnyDepp,"
174,"PenélopeCruz,"
175,"IanMcShane,"
176,"GeoffreyRush,"
177,"JessicaChastain,"
178,"MarkStrong,"
179,"GuguMbatha-Raw,Michael"
180,"Stuhlbarg,Hermione"
181,"Corfield,Addison"
182,"Timlin,Joely"
183,"Richardson,JeremyIrvine,"
184,"ChrisPine,"
185,"ZacharyQuinto,"
186,"KarlUrban,"
187,"ZoeSaldana,"
188,"CharlizeTheron,"
189,"JavierBardem,"
190,"AdèleExarchopoulos,Jared"
191,"Harris,Daisy"
192,"Ridley,John"
193,"Boyega,Oscar"
194,"Isaac,Domhnall"
195,"Gleeson,Kate"
196,"Beckinsale,Theo"
197,"James,Tobias"
198,"Menzies,Lara"
199,"Pulver,Jennifer"
200,"Aniston,Kate"
201,"Hudson,Julia"
202,"Roberts,Jason"
203,"Sudeikis,Keanu"
204,"Reeves,Michael"
205,"Nyqvist,Alfie"
206,"Allen,Willem"
207,"Dafoe,Christian"
208,"Bale,Heath"
209,"Ledger,Aaron"
210,"Eckhart,MichaelCaine,"
211,"AndrewGarfield,"
212,"AdamDriver,"
213,"LiamNeeson,Tadanobu"
214,"Asano,Stephen"
215,"Lang,Jane"
216,"Levy,Dylan"
217,"Minnette,Daniel"
218,"Zovatto,Emilia"
219,"Clarke,Sam"
220,"Claflin,Janet"
221,"McTeer,Charles"
222,"Dance,Gemma"
223,"Arterton,Sam"
224,"Claflin,Bill"
225,"Nighy,Jack"
226,"Huston,Tom"
227,"Hanks,Aaron"
228,"Eckhart,Laura"
229,"Linney,Valerie"
230,"Mahaffey,Ben"
231,"Affleck,Henry"
232,"Cavill,Amy"
233,"Adams,Jesse"
234,"Eisenberg,Brian"
235,"Cox,Emile"
236,"Hirsch,Ophelia"
237,"Lovibond,Michael"
238,"McElhatton,Emily"
239,"Blunt,Haley"
240,"Bennett,Rebecca"
241,"Ferguson,Justin"
242,"Theroux,Dakota"
243,"Johnson,Jamie"
244,"Dornan,Jennifer"
245,"Ehle,EloiseMumford,"
246,"ChristianBale,"
247,"HughJackman,"
248,"ScarlettJohansson,"
249,"MichaelCaine,"
250,"ColinFirth,"
251,"TaronEgerton,"
252,SamuelL.
253,"Jackson,MichaelCaine,"
254,"MarkWahlberg,"
255,"MichelleMonaghan,"
256,"J.K.Simmons,"
257,"JohnGoodman,"
258,"TomHardy,"
259,"CharlizeTheron,"
260,"NicholasHoult,"
261,"ZoëKravitz,"
262,"""BryanCranston,"
263,"JenniferGarner,"
264,"BeverlyDAngelo,Jason"
265,"OMara"",Mark"
266,"Wahlberg,Kurt"
267,"Russell,Douglas"
268,"M.Griffin,"
269,"JamesDuMont,"
270,"OscarIsaac,"
271,CharlotteLe
272,"Bon,Christian"
273,"Bale,Daniel"
274,"GiménezCacho,"
275,"BradPitt,"
276,"MarionCotillard,"
277,"JaredHarris,"
278,"VincentEbrahim,"
279,"LewisMacDougall,"
280,"SigourneyWeaver,"
281,"FelicityJones,Toby"
282,"Kebbell,Will"
283,"Smith,Edward"
284,"Norton,Kate"
285,"Winslet,Michael"
286,"Peña,Ginnifer"
287,"Goodwin,Jason"
288,"Bateman,Idris"
289,"Elba,Jenny"
290,"Slate,Johnny"
291,"Depp,Orlando"
292,"Bloom,Keira"
293,"Knightley,GeoffreyRush,"
294,RobertDowney
295,"Jr.,Chris"
296,"Evans,Scarlett"
297,"Johansson,JeremyRenner,"
298,"BradPitt,"
299,"DianeKruger,"
300,"EliRoth,Mélanie"
301,"Laurent,Johnny"
302,"Depp,Orlando"
303,"Bloom,Keira"
304,"Knightley,Jack"
305,"Davenport,Melissa"
306,"McCarthy,Kristen"
307,"Wiig,Kate"
308,"McKinnon,Leslie"
309,"Jones,Leonardo"
310,"DiCaprio,Joseph"
311,"Gordon-Levitt,Ellen"
312,"Page,Ken"
313,"Watanabe,Viggo"
314,"Mortensen,George"
315,"MacKay,Samantha"
316,"Isler,AnnaliseBasso,"
317,"LeonardoDiCaprio,"
318,"JonahHill,"
319,"MargotRobbie,Matthew"
320,"McConaughey,Ben"
321,"Affleck,Rosamund"
322,"Pike,Neil"
323,"PatrickHarris,Tyler"
324,"Perry,Vin"
325,"Diesel,Paul"
326,"Walker,Dwayne"
327,"Johnson,Jason"
328,"Statham,Chris"
329,"Pratt,Bryce"
330,"DallasHoward,"
331,"TySimpkins,Judy"
332,"Greer,Ben"
333,"Affleck,Elle"
334,"Fanning,Brendan"
335,"Gleeson,Chris"
336,"Messina,Sam"
337,"Worthington,Zoe"
338,"Saldana,Sigourney"
339,"Weaver,Michelle"
340,"Rodriguez,Samuel"
341,"L.Jackson,"
342,"KurtRussell,"
343,JenniferJason
344,"Leigh,Walton"
345,"Goggins,Ben"
346,"Affleck,Anna"
347,"Kendrick,J.K."
348,"Simmons,Jon"
349,"Bernthal,Hugh"
350,"Jackman,Jake"
351,"Gyllenhaal,Viola"
352,"Davis,MelissaLeo,"
353,"TravisFimmel,"
354,"PaulaPatton,"
355,"BenFoster,"
356,"DominicCooper,"
357,"EmmaStone,"
358,"ViolaDavis,"
359,"OctaviaSpencer,"
360,BryceDallas
361,"Howard,Jonah"
362,"Hill,Miles"
363,"Teller,Steve"
364,"Lantz,Gregg"
365,"Weiner,Robert"
366,"DowneyJr.,"
367,"ChrisEvans,"
368,"MarkRuffalo,"
369,"ChrisHemsworth,"
370,"RussellCrowe,"
371,"RyanGosling,"
372,"AngourieRice,"
373,"MattBomer,"
374,"RyûnosukeKamiki,"
375,"MoneKamishiraishi,"
376,"RyôNarita,"
377,"AoiYuki,"
378,"AaronPoole,"
379,"KennethWelsh,Daniel"
380,"Fathers,Kathleen"
381,"Munroe,Kristen"
382,"Stewart,Lars"
383,"Eidinger,Sigrid"
384,"Bouaziz,AndersDanielsen"
385,"Lie,Leonardo"
386,"DiCaprio,Matt"
387,"Damon,Jack"
388,"Nicholson,Mark"
389,"Wahlberg,Tom"
390,"Hardy,Emily"
391,"Browning,Taron"
392,"Egerton,Paul"
393,"Anderson,Chris"
394,"Hemsworth,Anthony"
395,"Hopkins,Natalie"
396,"Portman,Tom"
397,"Hiddleston,Matt"
398,"Damon,Jessica"
399,"Chastain,Kristen"
400,"Wiig,Kate"
401,"Mara,Mario"
402,"Casas,Ana"
403,"Wagener,José"
404,"Coronado,Bárbara"
405,"Lennie,Henry"
406,"Cavill,Armie"
407,"Hammer,Alicia"
408,"Vikander,Elizabeth"
409,"Debicki,Chris"
410,"Pine,Ben"
411,"Foster,Jeff"
412,"Bridges,Gil"
413,"Birmingham,Robert"
414,"DeNiro,"
415,"LeslieMann,"
416,"DannyDeVito,"
417,"EdieFalco,"
418,"AlexanderSkarsgård,"
419,RoryJ.
420,"Saper,Christian"
421,"Stevens,Christoph"
422,"Waltz,Eve"
423,"Lindley,Richard"
424,"Kind,Mark"
425,"Consuelos,Katherine"
426,"Reis,Alicia"
427,"Vikander,Domhnall"
428,"Gleeson,Oscar"
429,"Isaac,SonoyaMizuno,"
430,JohnGallagher
431,"Jr.,Tony"
432,"Goldwyn,Adria"
433,"Arjona,John"
434,"C.McGinley,"
435,"ChiwetelEjiofor,"
436,MichaelKenneth
437,"Williams,Michael"
438,"Fassbender,Brad"
439,"Pitt,Keanu"
440,"Reeves,Jason"
441,"Momoa,Jim"
442,"Carrey,Diego"
443,"Luna,Gerard"
444,"Butler,Lena"
445,"Headey,David"
446,"Wenham,Dominic"
447,"West,Daniel"
448,"Radcliffe,Emma"
449,"Watson,Rupert"
450,"Grint,Michael"
451,"Gambon,Jason"
452,"Bateman,Olivia"
453,"Munn,T.J."
454,"Miller,JenniferAniston,"
455,"ElleFanning,"
456,"ChristinaHendricks,"
457,"KeanuReeves,"
458,"KarlGlusman,"
459,"AamirKhan,"
460,"SakshiTanwar,"
461,FatimaSana
462,"Shaikh,SanyaMalhotra,"
463,"JohnGoodman,"
464,MaryElizabeth
465,"Winstead,John"
466,"GallagherJr.,"
467,DouglasM.
468,"Griffin,""Ellen"
469,"DeGeneres,Albert"
470,"Brooks,EdONeill,"
471,"KaitlinOlson"","
472,"EvaGreen,"
473,"AsaButterfield,"
474,SamuelL.
475,"Jackson,Judi"
476,"Dench,Shailene"
477,"Woodley,Theo"
478,"James,Kate"
479,"Winslet,Jai"
480,"Courtney,Zac"
481,"Efron,Adam"
482,"Devine,Anna"
483,"Kendrick,Aubrey"
484,"Plaza,Scott"
485,"Adkins,Teodora"
486,"Duhovnikova,Alon"
487,"Aboutboul,Julian"
488,"Vergov,Christian"
489,"Bale,Tom"
490,"Hardy,Anne"
491,"Hathaway,GaryOldman,"
492,"NeelSethi,"
493,"BillMurray,"
494,"BenKingsley,"
495,"IdrisElba,"
496,"MarkWahlberg,"
497,"NicolaPeltz,"
498,"JackReynor,"
499,"StanleyTucci,"
500,"EmmaRoberts,"
501,"DaveFranco,"
502,"EmilyMeade,"
503,"MilesHeizer,"
504,"MerylStreep,"
505,"PierceBrosnan,"
506,"AmandaSeyfried,Stellan"
507,"Skarsgård,Leonardo"
508,"DiCaprio,Tom"
509,"Hardy,Will"
510,"Poulter,Domhnall"
511,"Gleeson,Denzel"
512,"Washington,Viola"
513,"Davis,Stephen"
514,"Henderson,Jovan"
515,"Adepo,Anna"
516,"Kendrick,Meryl"
517,"Streep,Chris"
518,"Pine,Emily"
519,"Blunt,Blake"
520,"Lively,Óscar"
521,"Jaenada,Angelo"
522,JosueLozano
523,"Corzo,Brett"
524,"Cullen,Miles"
525,"Teller,J.K."
526,"Simmons,Melissa"
527,"Benoist,Paul"
528,"Reiser,Vin"
529,"Diesel,Paul"
530,"Walker,Dwayne"
531,"Johnson,Michelle"
532,"Rodriguez,Ryan"
533,"Gosling,Bradley"
534,"Cooper,Eva"
535,"Mendes,CraigVan"
536,"Hook,Tommy"
537,"LeeJones,"
538,"JavierBardem,"
539,"JoshBrolin,"
540,"WoodyHarrelson,"
541,"LeonardoDiCaprio,"
542,"CareyMulligan,"
543,"JoelEdgerton,Tobey"
544,"Maguire,Leonardo"
545,"DiCaprio,Emily"
546,"Mortimer,Mark"
547,"Ruffalo,BenKingsley,"
548,"DakotaFanning,"
549,"GuyPearce,"
550,"KitHarington,Carice"
551,"vanHouten,"
552,"ChrisPine,"
553,"ZacharyQuinto,"
554,"SimonPegg,"
555,"LeonardNimoy,"
556,"ZacharyGordon,"
557,"RobertCapron,"
558,"RachaelHarris,Steve"
559,"Zahn,Christian"
560,"Bale,Steve"
561,"Carell,Ryan"
562,"Gosling,Brad"
563,"Pitt,Brie"
564,"Larson,Jacob"
565,"Tremblay,Sean"
566,"Bridgers,WendyCrewson,"
567,"JamieFoxx,"
568,"ChristophWaltz,"
569,"LeonardoDiCaprio,Kerry"
570,"Washington,Min-hee"
571,"Kim,Jung-woo"
572,"Ha,Jin-woong"
573,"Jo,So-ri"
574,"Moon,Hailee"
575,"Steinfeld,Haley"
576,"LuRichardson,"
577,"BlakeJenner,"
578,"KyraSedgwick,"
579,JackieEarle
580,"Haley,Patrick"
581,"Wilson,Carla"
582,"Gugino,MalinAkerman,"
583,"MichaelCera,"
584,"JonahHill,"
585,"ChristopherMintz-Plasse,"
586,"BillHader,"
587,"TomHanks,"
588,"FelicityJones,"
589,"IrrfanKhan,"
590,"BenFoster,"
591,"MarkRylance,"
592,"RubyBarnhill,"
593,"PenelopeWilton,Jemaine"
594,"Clement,Jennifer"
595,"Lawrence,Josh"
596,"Hutcherson,Liam"
597,"Hemsworth,StanleyTucci,"
598,"MorganSaylor,"
599,"BrianMarc,"
600,"JustinBartha,"
601,"AdrianMartinez,"
602,"EmilyBlunt,"
603,"JoshBrolin,"
604,BenicioDel
605,"Toro,Jon"
606,"Bernthal,Chris"
607,"Isaak,Kiefer"
608,"Sutherland,C.H."
609,"Evans,Sandra"
610,"Kinder,Reiko"
611,"Aylesworth,Steven"
612,"Pasquale,ShareekaEpps,"
613,"JohnOrtiz,"
614,"IdrisElba,"
615,"CharlieHunnam,"
616,"RinkoKikuchi,Charlie"
617,"Day,Steve"
618,"Carell,Ryan"
619,"Gosling,Julianne"
620,"Moore,Emma"
621,"Stone,Michael"
622,"Cera,Mary"
623,"ElizabethWinstead,"
624,"KieranCulkin,"
625,"AlisonPill,"
626,"SimonPegg,"
627,"NickFrost,"
628,"MartinFreeman,"
629,"BillNighy,"
630,"ArmieHammer,"
631,"AnnabelleWallis,Tom"
632,"Cullen,Clint"
633,"Dyer,Sharlto"
634,"Copley,Brie"
635,"Larson,Armie"
636,"Hammer,Cillian"
637,"Murphy,Patrick"
638,"Stewart,Ian"
639,"McKellen,Hugh"
640,"Jackman,James"
641,"McAvoy,Tom"
642,"Cruise,Cobie"
643,"Smulders,Aldis"
644,"Hodge,Robert"
645,"Knepper,Daniel"
646,"Craig,Eva"
647,"Green,Judi"
648,"Dench,Jeffrey"
649,"Wright,Kristen"
650,"Stewart,Robert"
651,"Pattinson,Billy"
652,"Burke,SarahClarke,"
653,"JesseEisenberg,"
654,"MarkRuffalo,"
655,"WoodyHarrelson,"
656,"DaveFranco,"
657,"HelenMirren,"
658,"RyanReynolds,"
659,"DanielBrühl,"
660,"KatieHolmes,"
661,"JohnKrasinski,"
662,"PabloSchreiber,"
663,JamesBadge
664,"Dale,DavidDenman,"
665,"DanielCraig,"
666,"ChristophWaltz,"
667,"LéaSeydoux,"
668,"RalphFiennes,"
669,"JakeGyllenhaal,"
670,"ReneRusso,"
671,"BillPaxton,"
672,"RizAhmed,"
673,"CharlizeTheron,"
674,"ArtParkinson,"
675,"MatthewMcConaughey,"
676,"RalphFiennes,"
677,"GrahamSkipper,"
678,"ChaseWilliamson,"
679,"BreaGrant,Barbara"
680,"Crampton,Joaquin"
681,"Phoenix,Amy"
682,"Adams,Scarlett"
683,"Johansson,RooneyMara,"
684,"KristenBell,"
685,"IdinaMenzel,"
686,"JonathanGroff,"
687,"JoshGad,"
688,"GeorgeClooney,"
689,"BrittRobertson,"
690,"HughLaurie,"
691,"RaffeyCassidy,"
692,"GaryOldman,"
693,"KeriRussell,"
694,"AndySerkis,"
695,"KodiSmit-McPhee,"
696,"BenStiller,"
697,"JackBlack,"
698,RobertDowney
699,"Jr.,Jeff"
700,"Kahn,""Vera"
701,"Farmiga,Patrick"
702,"Wilson,Madison"
703,"Wolfe,Frances"
704,"OConnor"",Paul"
705,"Rudd,Michael"
706,"Douglas,Corey"
707,"Stoll,Evangeline"
708,"Lilly,Renée"
709,"Zellweger,Gemma"
710,"Jones,Jim"
711,"Broadbent,SallyPhillips,"
712,"AnyaTaylor-Joy,"
713,"RalphIneson,"
714,"KateDickie,"
715,"JulianRichings,"
716,"LilyJames,"
717,"CateBlanchett,"
718,"RichardMadden,Helena"
719,"BonhamCarter,"
720,"TomHughes,"
721,CharlotteLe
722,"Bon,Oona"
723,"Chaplin,Barry"
724,"Ward,Taraneh"
725,"Alidoosti,Shahab"
726,"Hosseini,Babak"
727,"Karimi,FaridSajjadi"
728,"Hosseini,Aomi"
729,"Muyock,Karl"
730,"Glusman,Klara"
731,"Kristin,Juan"
732,"Saavedra,Joe"
733,"Alwyn,Garrett"
734,"Hedlund,Arturo"
735,"Castro,Mason"
736,"Lee,Mia"
737,"Wasikowska,Jessica"
738,"Chastain,Tom"
739,"Hiddleston,Charlie"
740,"Hunnam,Ryan"
741,"Gosling,Carey"
742,"Mulligan,Bryan"
743,"Cranston,Albert"
744,"Brooks,Amy"
745,"Schumer,Bill"
746,"Hader,Brie"
747,"Larson,Colin"
748,"Quinn,Michael"
749,"Fassbender,Alicia"
750,"Vikander,Rachel"
751,"Weisz,Florence"
752,"Clery,Erika"
753,"Linder,Natalie"
754,"Krill,Sebastian"
755,"Pigott,Mayko"
756,"Nguyen,Mark"
757,"Ruffalo,Michael"
758,"Keaton,Rachel"
759,"McAdams,Liev"
760,"Schreiber,Kate"
761,"Mara,Anya"
762,"Taylor-Joy,Rose"
763,"Leslie,Michael"
764,"Yare,Tom"
765,"Hardy,Nick"
766,"Nolte,Joel"
767,"Edgerton,Jennifer"
768,"Morrison,Chris"
769,"Evans,Hugo"
770,"Weaving,Samuel"
771,"L.Jackson,Hayley"
772,"Atwell,Callan"
773,"McAuliffe,Lorraine"
774,"Nicholson,Daniel"
775,"EricGold,"
776,CliftonCollins
777,"Jr.,Emile"
778,"Hirsch,Vince"
779,"Vaughn,Catherine"
780,"Keener,Marcia"
781,"GayHarden,"
782,"BenedictCumberbatch,"
783,"KeiraKnightley,"
784,"MatthewGoode,"
785,"AllenLeech,"
786,"DwayneJohnson,"
787,"KevinHart,"
788,"DanielleNicolet,"
789,"AmyRyan,"
790,"TomCruise,"
791,"EmilyBlunt,"
792,"BillPaxton,"
793,"BrendanGleeson,"
794,"DaneDeHaan,"
795,"JasonIsaacs,"
796,"MiaGoth,"
797,"IvoNandi,"
798,"JosephGordon-Levitt,"
799,"ShaileneWoodley,"
800,"MelissaLeo,Zachary"
801,"Quinto,Robert"
802,"DowneyJr.,"
803,"GwynethPaltrow,"
804,"TerrenceHoward,"
805,"JeffBridges,"
806,"ShaileneWoodley,"
807,"TheoJames,"
808,"JeffDaniels,Naomi"
809,"Watts,James"
810,"McAvoy,Michael"
811,"Fassbender,Jennifer"
812,"Lawrence,Kevin"
813,"Bacon,Garance"
814,"Marillier,Ella"
815,"Rumpf,Rabah"
816,"NaitOufella,Laurent"
817,"Lucas,Adam"
818,"Driver,Golshifteh"
819,"Farahani,Nellie,"
820,"RizwanManji,"
821,"KristenWiig,"
822,"MayaRudolph,"
823,"RoseByrne,"
824,"TerryCrews,"
825,"GemmaArterton,"
826,"GlennClose,"
827,"DominiqueTipper,Paddy"
828,"Considine,Dwayne"
829,"Johnson,Carla"
830,"Gugino,Alexandra"
831,"Daddario,ColtonHaynes,"
832,"VanessaHudgens,"
833,"SelenaGomez,"
834,"AshleyBenson,Rachel"
835,"Korine,Shia"
836,"LaBeouf,Megan"
837,"Fox,Josh"
838,"Duhamel,Tyrese"
839,"Gibson,Josh"
840,"Brolin,Elizabeth"
841,"Olsen,Samuel"
842,"L.Jackson,"
843,"SharltoCopley,"
844,"ChrisHemsworth,"
845,"NataliePortman,"
846,"TomHiddleston,Stellan"
847,"Skarsgård,Brenton"
848,"Thwaites,Nikolaj"
849,"Coster-Waldau,Gerard"
850,"Butler,Chadwick"
851,"Boseman,Chris"
852,"Evans,Samuel"
853,"L.Jackson,Scarlett"
854,"Johansson,Robert"
855,"Redford,Lucas"
856,"Till,Jane"
857,"Levy,Thomas"
858,"Lennon,Barry"
859,"Pepper,Mark"
860,"Huberman,Susan"
861,"Loughnane,Steve"
862,"Oram,CatherineWalker,"
863,"AaronTaylor-Johnson,"
864,"NicolasCage,"
865,ChloëGrace
866,"Moretz,Garrett"
867,"M.Brown,"
868,"SharltoCopley,"
869,"TimRoth,"
870,"HaleyBennett,"
871,"DanilaKozlovsky,"
872,"OwenWilson,"
873,"BonnieHunt,"
874,"PaulNewman,"
875,Larrythe
876,"CableGuy,"
877,"MaikaMonroe,"
878,"KeirGilchrist,"
879,"OliviaLuccardi,Lili"
880,"Sepe,Daniel"
881,"Craig,Rooney"
882,"Mara,Christopher"
883,"Plummer,StellanSkarsgård,"
884,"JasonSudeikis,"
885,"JenniferAniston,"
886,"EmmaRoberts,"
887,"EdHelms,"
888,"SashaLane,"
889,"ShiaLaBeouf,"
890,"RileyKeough,"
891,"McCaulLombardi,"
892,"ColinFarrell,"
893,"RachelWeisz,"
894,"JessicaBarden,Olivia"
895,"Colman,Adrien"
896,"Brody,Laurence"
897,"Fishburne,Topher"
898,"Grace,AliceBraga,"
899,"AngelinaJolie,"
900,"ElleFanning,"
901,"SharltoCopley,Lesley"
902,"Manville,Noomi"
903,"Rapace,Michael"
904,"Chiklis,Kerry"
905,"Bishé,PeterStormare,"
906,"IvanaBaquero,"
907,"AriadnaGil,"
908,"SergiLópez,Maribel"
909,"Verdú,Patrick"
910,"Wilson,Jessica"
911,"Biel,Haley"
912,"Bennett,Vincent"
913,"Kartheiser,Gerardo"
914,"Taracena,Raoul"
915,"MaxTrujillo,"
916,"DaliaHernández,Rudy"
917,"Youngblood,Tom"
918,"Cruise,Rebecca"
919,"Ferguson,Jeremy"
920,"Renner,Simon"
921,"Pegg,Chris"
922,"Hemsworth,Jessica"
923,"Chastain,Charlize"
924,"Theron,Emily"
925,"Blunt,Logan"
926,"Lerman,Emma"
927,"Watson,Ezra"
928,"Miller,Paul"
929,"Rudd,Natalie"
930,"Portman,Peter"
931,"Sarsgaard,Greta"
932,"Gerwig,BillyCrudup,"
933,"KateBeckinsale,"
934,"MelRaido,"
935,"DuncanJoiner,"
936,"LucasTill,"
937,"RalphFiennes,"
938,F.Murray
939,"Abraham,Mathieu"
940,"Amalric,AdrienBrody,"
941,"SaoirseRonan,"
942,"MaxIrons,"
943,"JakeAbel,"
944,"DianeKruger,"
945,"BradPitt,"
946,"ShiaLaBeouf,"
947,"LoganLerman,"
948,"MichaelPeña,"
949,"AmyPoehler,"
950,"BillHader,"
951,"LewisBlack,"
952,"MindyKaling,"
953,"LukeWilson,"
954,"EddieIzzard,"
955,"J.K.Simmons,"
956,"LewisBlack,"
957,"ArnoldSchwarzenegger,"
958,"JasonClarke,"
959,"EmiliaClarke,Jai"
960,"Courtney,Logan"
961,"Lerman,Kevin"
962,"McKidd,Steve"
963,"Coogan,BrandonT."
964,"Jackson,Hugh"
965,"Jackman,Russell"
966,"Crowe,Anne"
967,"Hathaway,AmandaSeyfried,"
968,"JulianneMoore,"
969,"CliveOwen,"
970,"ChiwetelEjiofor,Michael"
971,"Caine,Annette"
972,"Bening,Elle"
973,"Fanning,Greta"
974,"Gerwig,Billy"
975,"Crudup,Melissa"
976,"McCarthy,Rose"
977,"Byrne,Jude"
978,"Law,Jason"
979,"Statham,François"
980,"Cluzet,Omar"
981,"Sy,Anne"
982,"LeNy,"
983,"AudreyFleurot,"
984,"DianeLane,"
985,"AlecBaldwin,"
986,"ArnaudViard,"
987,"LindaGegusch,"
988,"ChristosStergioglou,"
989,"MicheleValley,"
990,"AngelikiPapoulia,"
991,"HristosPassalis,"
992,"""OSheaJackson"
993,"Jr.,Corey"
994,"Hawkins,Jason"
995,"Mitchell,NeilBrown"
996,"Jr."",Andrew"
997,"Garfield,Emma"
998,"Stone,Jamie"
999,"Foxx,Paul"
1000,"Giamatti,Patrick"
1001,"Wilson,Vera"
1002,"Farmiga,Ron"
1003,"Livingston,Lili"
1004,"Taylor,Zach"
1005,"Galifianakis,Bradley"
1006,"Cooper,Justin"
1007,"Bartha,Ed"
1008,"Helms,Alexander"
1009,"Skarsgård,Brooklyn"
1010,"Decker,Liam"
1011,"Neeson,Rihanna,James"
1012,"Franco,Andy"
1013,"Serkis,Freida"
1014,"Pinto,Karin"
1015,"Konoval,Teresa"
1016,"Palmer,Gabriel"
1017,"Bateman,Maria"
1018,"Bello,BillyBurke,"
1019,"RichardGere,"
1020,"LiorAshkenazi,"
1021,"MichaelSheen,Charlotte"
1022,"Gainsbourg,Michael"
1023,"Keaton,Zach"
1024,"Galifianakis,EdwardNorton,"
1025,"AndreaRiseborough,"
1026,"NataliePortman,"
1027,"MilaKunis,"
1028,"VincentCassel,Winona"
1029,"Ryder,Tyler"
1030,"JamesWilliams,"
1031,"TessaThompson,"
1032,"KyleGallner,Teyonah"
1033,"Parris,Charlotte"
1034,"Gainsbourg,Stellan"
1035,"Skarsgård,Stacy"
1036,"Martin,Shia"
1037,"LaBeouf,Megan"
1038,"Fox,Will"
1039,"Arnett,Tyler"
1040,"Perry,Laura"
1041,"Linney,Keanu"
1042,"Reeves,Lorenza"
1043,"Izzo,Ana"
1044,"deArmas,"
1045,"AaronBurns,"
1046,RobertDe
1047,"Niro,Zac"
1048,"Efron,Zoey"
1049,"Deutch,Aubrey"
1050,"Plaza,Tom"
1051,"Hanks,Halle"
1052,"Berry,Hugh"
1053,"Grant,Hugo"
1054,"Weaving,Hugh"
1055,"Jackman,Liev"
1056,"Schreiber,Ryan"
1057,"Reynolds,Danny"
1058,"Huston,Sarah"
1059,"Hyland,Steven"
1060,"Krueger,Justin"
1061,"Chon,Clara"
1062,"Mamet,Daniel"
1063,"Craig,Javier"
1064,"Bardem,Naomie"
1065,"Harris,Judi"
1066,"Dench,Martin"
1067,"Freeman,Ian"
1068,"McKellen,Richard"
1069,"Armitage,AndySerkis,"
1070,"JonahHill,"
1071,"ChanningTatum,"
1072,"IceCube,Brie"
1073,"Larson,Ferdia"
1074,"Walsh-Peelo,Aidan"
1075,"Gillen,Maria"
1076,"DoyleKennedy,"
1077,"JackReynor,"
1078,"ElleFanning,"
1079,"DaneDeHaan,"
1080,CarlyRae
1081,"Jepsen,Maddie"
1082,"Ziegler,Tom"
1083,"Cruise,Morgan"
1084,"Freeman,Andrea"
1085,"Riseborough,Olga"
1086,"Kurylenko,Channing"
1087,"Tatum,Jonah"
1088,"Hill,Ice"
1089,"Cube,NickOfferman,"
1090,"JakeGyllenhaal,"
1091,RobertDowney
1092,"Jr.,Mark"
1093,"Ruffalo,AnthonyEdwards,"
1094,"BlakeJenner,"
1095,"TylerHoechlin,"
1096,"RyanGuzman,Zoey"
1097,"Deutch,Robert"
1098,"DowneyJr.,"
1099,"GuyPearce,"
1100,"GwynethPaltrow,Don"
1101,"Cheadle,Jesse"
1102,"Eisenberg,Common,"
1103,"MarkRuffalo,"
1104,"WoodyHarrelson,"
1105,RobertDowney
1106,"Jr.,Jude"
1107,"Law,Rachel"
1108,"McAdams,Mark"
1109,"Strong,Kurt"
1110,"Russell,Zoë"
1111,"Bell,Rosario"
1112,"Dawson,Vanessa"
1113,"Ferlito,Eddie"
1114,"Redmayne,Alicia"
1115,"Vikander,Amber"
1116,"Heard,Ben"
1117,"Whishaw,Dwayne"
1118,"Johnson,John"
1119,"Hurt,Ian"
1120,"McShane,Joseph"
1121,"Fiennes,Emily"
1122,"Browning,Vanessa"
1123,"Hudgens,Abbie"
1124,"Cornish,JenaMalone,"
1125,"ZachGalifianakis,"
1126,"IslaFisher,"
1127,"JonHamm,"
1128,"GalGadot,"
1129,"ChanningTatum,"
1130,"MilaKunis,Eddie"
1131,"Redmayne,Sean"
1132,"Bean,Zach"
1133,"Galifianakis,Kristen"
1134,"Wiig,Owen"
1135,"Wilson,Ross"
1136,"Kimball,Romain"
1137,"Duris,Charlotte"
1138,"LeBon,"
1139,"JalilLespert,"
1140,"CamilleCottin,"
1141,"YooGong,"
1142,"Soo-anKim,"
1143,"Yu-miJung,"
1144,"Dong-seokMa,"
1145,"AnnaKendrick,"
1146,"BrittanySnow,"
1147,"RebelWilson,"
1148,"AnnaCamp,"
1149,"SethRogen,"
1150,"RoseByrne,"
1151,"ZacEfron,"
1152,ChloëGrace
1153,"Moretz,Lily"
1154,"James,Jai"
1155,"Courtney,Christopher"
1156,"Plummer,Loïs"
1157,"vanWijk,"
1158,"HenryCavill,"
1159,"AmyAdams,"
1160,"MichaelShannon,"
1161,"DianeLane,"
1162,"BenjaminWalker,"
1163,"TeresaPalmer,"
1164,"AlexandraDaddario,Maggie"
1165,"Grace,Ray"
1166,"Romano,Denis"
1167,"Leary,John"
1168,"Leguizamo,Chris"
1169,"Wedge,Anne"
1170,"Hathaway,Meryl"
1171,"Streep,Adrian"
1172,"Grenier,Emily"
1173,"Blunt,Bryan"
1174,"Cranston,John"
1175,"Leguizamo,Diane"
1176,"Kruger,Amy"
1177,"Ryan,Daniel"
1178,"Day-Lewis,Paul"
1179,"Dano,Ciarán"
1180,"Hinds,MartinStringer,"
1181,"DenzelWashington,"
1182,"MartonCsokas,"
1183,ChloëGrace
1184,"Moretz,David"
1185,"Harbour,Mark"
1186,"Wahlberg,Taylor"
1187,"Kitsch,Emile"
1188,"Hirsch,Ben"
1189,"Foster,Kristen"
1190,"Connolly,Chris"
1191,"Hemsworth,Anna"
1192,"Hutchison,FranKranz,"
1193,"AnnaFaris,"
1194,"ColinHanks,"
1195,"EmmaStone,"
1196,"KatDennings,"
1197,"JayBaruchel,"
1198,"AliceEve,"
1199,"T.J.Miller,"
1200,"MikeVogel,"
1201,"JoaquinPhoenix,"
1202,"JoshBrolin,"
1203,"OwenWilson,Katherine"
1204,"Waterston,Mia"
1205,"Wasikowska,Johnny"
1206,"Depp,Helena"
1207,"BonhamCarter,"
1208,"AnneHathaway,"
1209,"EmileHirsch,"
1210,"ZoëKravitz,"
1211,"ZoeyDeutch,Emory"
1212,"Cohen,Lucas"
1213,"Black,Zachery"
1214,"TyBryan,"
1215,"ShadMoss,"
1216,"DamienMarzette,"
1217,"DakotaJohnson,"
1218,"RebelWilson,"
1219,"LeslieMann,"
1220,"AlisonBrie,"
1221,"QuintonAaron,"
1222,"SandraBullock,"
1223,"TimMcGraw,Jae"
1224,"Head,Léa"
1225,"Seydoux,Adèle"
1226,"Exarchopoulos,Salim"
1227,"Kechiouche,Aurélien"
1228,"Recoing,Essie"
1229,"Davis,Noah"
1230,"Wiseman,Daniel"
1231,"Henshall,Hayley"
1232,"McElhinney,Ian"
1233,"McKellen,Martin"
1234,"Freeman,Richard"
1235,"Armitage,CateBlanchett,"
1236,"DanielRadcliffe,"
1237,"EmmaWatson,"
1238,"RupertGrint,"
1239,"BrendanGleeson,"
1240,"ChrisEvans,"
1241,"JamieBell,"
1242,"TildaSwinton,"
1243,"EdHarris,"
1244,ChloëGrace
1245,"Moretz,Matthew"
1246,"Zuk,Gabriela"
1247,"Lopez,BaileyAnne"
1248,"Borders,Connor"
1249,"Paolo,Nick"
1250,"Damici,Laura"
1251,"Abramsen,A.C."
1252,"Peterson,Olivia"
1253,"DeJonge,Ed"
1254,"Oxenbould,Deanna"
1255,"Dunagan,Peter"
1256,"McRobbie,Vin"
1257,"Diesel,Paul"
1258,"Walker,Dwayne"
1259,"Johnson,Jordana"
1260,"Brewster,""Channing"
1261,"Tatum,Jenna"
1262,"DewanTatum,"
1263,"DamaineRadcliff,"
1264,"DeShawnWashington"","
1265,"RileyKeough,"
1266,"JenaMalone,"
1267,JessieOk
1268,"Gray,Cary"
1269,"JojiFukunaga,"
1270,"GerardButler,"
1271,"TomWilkinson,"
1272,"IdrisElba,"
1273,"ThandieNewton,"
1274,"JustinTimberlake,"
1275,"AmandaSeyfried,"
1276,"CillianMurphy,Olivia"
1277,"Wilde,Jesse"
1278,"Eisenberg,Andrew"
1279,"Garfield,Justin"
1280,"Timberlake,RooneyMara,"
1281,"VinDiesel,"
1282,"RoseLeslie,"
1283,"ElijahWood,"
1284,ÓlafurDarri
1285,"Ólafsson,Daniel"
1286,"Radcliffe,James"
1287,"McAvoy,Jessica"
1288,"BrownFindlay,"
1289,"AndrewScott,"
1290,"LukeTreadaway,"
1291,Bobthe
1292,"Cat,Ruta"
1293,"Gedmintas,Joanne"
1294,"Froggatt,Anton"
1295,"Yelchin,Imogen"
1296,"Poots,Alia"
1297,"Shawkat,PatrickStewart,"
1298,"ChrisHemsworth,"
1299,"ViolaDavis,"
1300,"WeiTang,"
1301,"LeehomWang,"
1302,"AndySamberg,"
1303,"KatieCrown,Kelsey"
1304,"Grammer,Jennifer"
1305,"Aniston,Bradley"
1306,"Cooper,Sienna"
1307,"Miller,Kyle"
1308,"Gallner,Cole"
1309,"Konis,Matthew"
1310,"McConaughey,Jennifer"
1311,"Garner,Jared"
1312,"Leto,Steve"
1313,"Zahn,Daniel"
1314,"Day-Lewis,Sally"
1315,"Field,David"
1316,"Strathairn,JosephGordon-Levitt,"
1317,"DanielBrühl,"
1318,"ChrisHemsworth,"
1319,"OliviaWilde,Alexandra"
1320,"MariaLara,"
1321,"KateBosworth,"
1322,"ThomasJane,"
1323,"JacobTremblay,Annabeth"
1324,"Gish,Bradley"
1325,"Cooper,Jennifer"
1326,"Lawrence,Robert"
1327,"DeNiro,"
1328,"JackiWeaver,"
1329,"AlexiPappas,"
1330,"ChaseOfferle,"
1331,"RachelDratch,"
1332,"AndyBuckley,"
1333,"ShaileneWoodley,"
1334,"AnselElgort,"
1335,"NatWolff,"
1336,"LauraDern,"
1337,"AdamSandler,"
1338,"DrewBarrymore,"
1339,"WendiMcLendon-Covey,"
1340,"KevinNealon,"
1341,"VinDiesel,"
1342,"PaulWalker,"
1343,"MichelleRodriguez,"
1344,"JordanaBrewster,"
1345,"JosephGordon-Levitt,"
1346,"BruceWillis,"
1347,"EmilyBlunt,"
1348,"PaulDano,"
1349,"ChanningTatum,"
1350,"JamieFoxx,"
1351,"MaggieGyllenhaal,Jason"
1352,"Clarke,Bryce"
1353,"DallasHoward,"
1354,"RobertRedford,"
1355,"OakesFegley,Oona"
1356,"Laurence,Tobey"
1357,"Maguire,Kirsten"
1358,"Dunst,Topher"
1359,"Grace,Thomas"
1360,"HadenChurch,"
1361,"LoganLerman,"
1362,"MatthewMacfadyen,"
1363,"RayStevenson,"
1364,"MillaJovovich,"
1365,"CharlieCox,"
1366,"ClaireDanes,"
1367,"SiennaMiller,"
1368,"IanMcKellen,"
1369,"ChristianBale,"
1370,"AmyAdams,"
1371,"BradleyCooper,Jennifer"
1372,"Lawrence,Megan"
1373,"Fox,Amanda"
1374,"Seyfried,Adam"
1375,"Brody,Johnny"
1376,"Simmons,Owen"
1377,"Wilson,Rachel"
1378,"McAdams,Kathy"
1379,"Bates,Kurt"
1380,"Fuller,Florence"
1381,"Pugh,Christopher"
1382,"Fairbank,Cosmo"
1383,"Jarvis,Naomi"
1384,"Ackie,Jennifer"
1385,"Lawrence,Robert"
1386,"DeNiro,"
1387,"BradleyCooper,"
1388,"EdgarRamírez,"
1389,"KateWinslet,"
1390,"JudyDavis,"
1391,"LiamHemsworth,Hugo"
1392,"Weaving,Jesse"
1393,"Eisenberg,Kristen"
1394,"Stewart,Steve"
1395,"Carell,Blake"
1396,"Lively,Shailene"
1397,"Woodley,Ansel"
1398,"Elgort,Theo"
1399,"James,KateWinslet,"
1400,"BenBarnes,"
1401,"JulianneMoore,"
1402,"JeffBridges,"
1403,"AliciaVikander,"
1404,"OmarSy,"
1405,"ClémencePoésy,"
1406,"AntoineBertrand,"
1407,"AshleyWalters,"
1408,"EddieRedmayne,"
1409,"FelicityJones,"
1410,"TomPrior,"
1411,"SophiePerry,"
1412,"JamesFranco,"
1413,"JonahHill,"
1414,"SethRogen,Jay"
1415,"Baruchel,Domhnall"
1416,"Gleeson,Rachel"
1417,"McAdams,Bill"
1418,"Nighy,LydiaWilson,"
1419,"WillFerrell,"
1420,JohnC.
1421,"Reilly,Mary"
1422,"Steenburgen,RichardJenkins,"
1423,"AndyPowers,"
1424,"LauraAllen,"
1425,"PeterStormare,"
1426,"ChristianDistefano,"
1427,"ChrisPine,"
1428,"ZacharyQuinto,"
1429,"ZoeSaldana,"
1430,"BenedictCumberbatch,"
1431,"JesseEisenberg,"
1432,"EmmaStone,"
1433,"WoodyHarrelson,Abigail"
1434,"Breslin,Josh"
1435,"Brolin,George"
1436,"Clooney,Alden"
1437,"Ehrenreich,Ralph"
1438,"Fiennes,Dev"
1439,"Patel,Freida"
1440,"Pinto,Saurabh"
1441,"Shukla,Anil"
1442,"Kapoor,Kristen"
1443,"Stewart,Robert"
1444,"Pattinson,Taylor"
1445,"Lautner,Peter"
1446,"Facinelli,William"
1447,"Fichtner,Jon"
1448,"Voight,Lia"
1449,"MarieJohnson,Gabriel"
1450,"Basso,Andrew"
1451,"Garfield,Emma"
1452,"Stone,Rhys"
1453,"Ifans,Irrfan"
1454,"Khan,Jack"
1455,"Huston,Toby"
1456,"Kebbell,Rodrigo"
1457,"Santoro,NazaninBoniadi,"
1458,"JacobLatimore,"
1459,"SeychelleGabriel,"
1460,"DuléHill,"
1461,"StormReid,"
1462,"""DylanOBrien,"
1463,"KayaScodelario,"
1464,"WillPoulter,"
1465,"ThomasBrodie-Sangster"","
1466,"KevinCostner,"
1467,"RyanReynolds,"
1468,"GalGadot,"
1469,"GaryOldman,"
1470,"AngelinaJolie,"
1471,"JamesMcAvoy,"
1472,"MorganFreeman,"
1473,"TerenceStamp,"
1474,"MerylStreep,"
1475,"HughGrant,"
1476,"SimonHelberg,"
1477,"RebeccaFerguson,"
1478,"NicholasHoult,"
1479,"FelicityJones,"
1480,"AnthonyHopkins,"
1481,"BenKingsley,"
1482,"JohnnyDepp,"
1483,"BenedictCumberbatch,"
1484,"DakotaJohnson,"
1485,"JoelEdgerton,"
1486,MichaelB.
1487,"Jordan,Sylvester"
1488,"Stallone,Tessa"
1489,"Thompson,Phylicia"
1490,"Rashad,Paul"
1491,"Dano,Daniel"
1492,"Radcliffe,Mary"
1493,"ElizabethWinstead,"
1494,"AntoniaRibero,"
1495,"SylvesterStallone,"
1496,"JasonStatham,"
1497,"JetLi,"
1498,"AntonioBanderas,"
1499,"JemaineClement,"
1500,"TaikaWaititi,Cori"
1501,"Gonzalez-Macuer,Jonny"
1502,"Brugh,Jake"
1503,"Gyllenhaal,Rachel"
1504,"McAdams,Oona"
1505,"Laurence,ForestWhitaker,"
1506,JohnGallagher
1507,"Jr.,Kate"
1508,"Siegel,Michael"
1509,"Trucco,SamanthaSloyan,"
1510,"TomHanks,"
1511,"MarkRylance,"
1512,"AlanAlda,"
1513,"AmyRyan,"
1514,"ChrisPratt,"
1515,"WillFerrell,"
1516,"ElizabethBanks,"
1517,"WillArnett,"
1518,"JasonClarke,"
1519,AngPhula
1520,"Sherpa,Thomas"
1521,"M.Wright,"
1522,"MartinHenderson,"
1523,"AdamSandler,"
1524,"KevinJames,"
1525,"MichelleMonaghan,Peter"
1526,"Dinklage,Russell"
1527,"Crowe,Cate"
1528,"Blanchett,Matthew"
1529,"Macfadyen,Maxvon"
1530,"Sydow,Hugh"
1531,"Jackman,Will"
1532,"YunLee,"
1533,"TaoOkamoto,"
1534,"RilaFukushima,"
1535,"TaylorKitsch,"
1536,"LynnCollins,"
1537,"WillemDafoe,Samantha"
1538,"Morton,Keegan-Michael"
1539,"Key,Jordan"
1540,"Peele,Tiffany"
1541,"Haddish,MethodMan,"
1542,"SeanPenn,"
1543,"IdrisElba,"
1544,"JasmineTrinca,"
1545,"JavierBardem,"
1546,"MichaelFassbender,"
1547,"KateWinslet,"
1548,"SethRogen,"
1549,"JeffDaniels,"
1550,"TimPigott-Smith,"
1551,"NaomiBattrick,"
1552,"EllieKendrick,James"
1553,"Cosmo,Adam"
1554,"Sandler,Kevin"
1555,"James,Chris"
1556,"Rock,David"
1557,"Spade,Blake"
1558,"Lively,Michiel"
1559,"Huisman,Harrison"
1560,"Ford,KathyBaker,"
1561,"EdwardNorton,"
1562,"LivTyler,"
1563,"TimRoth,"
1564,"WilliamHurt,"
1565,"VinceVaughn,"
1566,"MalinAkerman,"
1567,"JonFavreau,"
1568,"JasonBateman,"
1569,"SimonPegg,"
1570,"KateBeckinsale,"
1571,"SanjeevBhaskar,"
1572,"RobRiggle,"
1573,"ChanningTatum,"
1574,"AlexPettyfer,"
1575,"OliviaMunn,Matthew"
1576,"McConaughey,Sandra"
1577,"Bullock,Jon"
1578,"Hamm,Michael"
1579,"Keaton,Pierre"
1580,"Coffin,Natasha"
1581,"Henstridge,Lukas"
1582,"Hassel,Lin"
1583,"Shaye,DominiqueSwain,"
1584,"TomHardy,"
1585,"KellyAdams,"
1586,"LuingAndrews,Katy"
1587,"Barker,Steve"
1588,"Carell,Jason"
1589,"Segel,Russell"
1590,"Brand,Julie"
1591,"Andrews,James"
1592,"Marsden,Michelle"
1593,"Monaghan,Luke"
1594,"Bracey,LianaLiberato,"
1595,"LoganMarshall-Green,"
1596,"EmayatzyCorinealdi,"
1597,"MichielHuisman,"
1598,"TammyBlanchard,"
1599,"JessicaChastain,"
1600,"JoelEdgerton,"
1601,"ChrisPratt,"
1602,"MarkStrong,"
1603,"MandyMoore,"
1604,"ZacharyLevi,"
1605,"DonnaMurphy,"
1606,"RonPerlman,"
1607,"JenniferLawrence,"
1608,"JoshHutcherson,"
1609,"LiamHemsworth,"
1610,"WoodyHarrelson,"
1611,"EdHelms,"
1612,"ChristinaApplegate,"
1613,"SkylerGisondo,"
1614,"SteeleStebbins,"
1615,"LiamNeeson,"
1616,"MaggieGrace,"
1617,"FamkeJanssen,"
1618,"LelandOrser,"
1619,"AnnaKendrick,"
1620,"RebelWilson,"
1621,"HaileeSteinfeld,Brittany"
1622,"Snow,Billy"
1623,"Crystal,John"
1624,"Goodman,Steve"
1625,"Buscemi,Helen"
1626,"Mirren,Isabelle"
1627,"Huppert,Laurent"
1628,"Lafitte,Anne"
1629,"Consigny,CharlesBerling,"
1630,"JasonStatham,"
1631,"JessicaAlba,"
1632,TommyLee
1633,"Jones,MichelleYeoh,"
1634,"JustinLong,"
1635,"MichaelParks,"
1636,HaleyJoel
1637,"Osment,GenesisRodriguez,"
1638,"AlisonBrie,"
1639,"GerardButler,"
1640,"WillemDafoe,"
1641,"GretchenMol,"
1642,"KeiraKnightley,"
1643,"JamesMcAvoy,"
1644,"BrendaBlethyn,Saoirse"
1645,"Ronan,Daniel"
1646,"Radcliffe,Emma"
1647,"Watson,Rupert"
1648,"Grint,Bill"
1649,"Nighy,Michael"
1650,"Fassbender,Carey"
1651,"Mulligan,James"
1652,"BadgeDale,"
1653,"LucyWalters,"
1654,"SaoirseRonan,"
1655,"CateBlanchett,"
1656,"EricBana,"
1657,"VickyKrieps,"
1658,"LaurenBirkell,"
1659,"PaulBorghese,"
1660,"ChiraCassel,"
1661,"AnthonyCirillo,"
1662,"LilyJames,"
1663,"SamRiley,"
1664,"JackHuston,"
1665,"BellaHeathcote,"
1666,"SullivanStapleton,"
1667,"EvaGreen,"
1668,"LenaHeadey,"
1669,"HansMatheson,"
1670,"GerardButler,"
1671,"AaronEckhart,"
1672,"MorganFreeman,Angela"
1673,"Bassett,Brad"
1674,"Pitt,Cate"
1675,"Blanchett,Tilda"
1676,"Swinton,Julia"
1677,"Ormond,Mickey"
1678,"Rourke,Jessica"
1679,"Alba,Josh"
1680,"Brolin,Joseph"
1681,"Gordon-Levitt,Matt"
1682,"Damon,Edgar"
1683,"Ramírez,Joan"
1684,"Allen,Julia"
1685,"Stiles,""Srdjan"
1686,"ZikaTodorovic,"
1687,"SergejTrifunovic,Jelena"
1688,"Gavrilovic,Slobodan"
1689,"Bestic"",Frank"
1690,"Grillo,Elizabeth"
1691,"Mitchell,Mykelti"
1692,"Williamson,Joseph"
1693,"JulianSoria,"
1694,"AamirKhan,"
1695,"Madhavan,Mona"
1696,"Singh,Sharman"
1697,"Joshi,Ben"
1698,"Stiller,Owen"
1699,"Wilson,Penélope"
1700,"Cruz,Will"
1701,"Ferrell,Brad"
1702,"Pitt,Mireille"
1703,"Enos,Daniella"
1704,"Kertesz,James"
1705,"BadgeDale,"
1706,"TomCruise,"
1707,"JeremyRenner,"
1708,"SimonPegg,"
1709,"PaulaPatton,"
1710,"MarilynManson,"
1711,MarkBoone
1712,"Junior,Sam"
1713,"Quartin,Niko"
1714,"Nicotera,James"
1715,"McAvoy,Jamie"
1716,"Bell,Eddie"
1717,"Marsan,Imogen"
1718,"Poots,Scott"
1719,"Eastwood,Britt"
1720,"Robertson,Alan"
1721,"Alda,Jack"
1722,"Huston,Naomi"
1723,"Watts,Ewan"
1724,"McGregor,Tom"
1725,"Holland,Oaklee"
1726,"Pendergast,Aaron"
1727,"Taylor-Johnson,Chloë"
1728,"GraceMoretz,Christopher"
1729,"Mintz-Plasse,Jim"
1730,"Carrey,Alex"
1731,"Karpovsky,Wyatt"
1732,"Russell,Meredith"
1733,"Hagner,MelanieLynskey,"
1734,"JamesFranco,"
1735,"MichelleWilliams,"
1736,"RachelWeisz,"
1737,"MilaKunis,"
1738,"SaoirseRonan,"
1739,"EmoryCohen,"
1740,"DomhnallGleeson,Jim"
1741,"Broadbent,Dakota"
1742,"Fanning,Teri"
1743,"Hatcher,John"
1744,"Hodgman,Jennifer"
1745,"Saunders,Ryan"
1746,"Gosling,Michelle"
1747,"Williams,John"
1748,"Doman,FaithWladyka,"
1749,"LoganPaul,"
1750,"PeytonList,"
1751,LiaMarie
1752,"Johnson,CalumWorthy,"
1753,"RadhaMitchell,"
1754,"LaurieHolden,"
1755,"SeanBean,Deborah"
1756,"KaraUnger,"
1757,"KarlUrban,"
1758,"OliviaThirlby,"
1759,"LenaHeadey,"
1760,"RachelWood,"
1761,"SamNeill,"
1762,"JulianDennison,"
1763,RimaTe
1764,"Wiata,Rachel"
1765,"House,Ryan"
1766,"Potter,Scott"
1767,"Adsit,Jamie"
1768,"Chung,T.J.Miller,"
1769,ChloëGrace
1770,"Moretz,Julianne"
1771,"Moore,Gabriella"
1772,"Wilde,Portia"
1773,"Doubleday,Robert"
1774,"DowneyJr.,"
1775,"MickeyRourke,"
1776,"GwynethPaltrow,Don"
1777,"Cheadle,Jake"
1778,"Gyllenhaal,Naomi"
1779,"Watts,Chris"
1780,"Cooper,JudahLewis,"
1781,"DennisQuaid,"
1782,"BenFoster,"
1783,"CamGigandet,"
1784,"AntjeTraue,"
1785,"GerardButler,"
1786,"AaronEckhart,"
1787,"MorganFreeman,Angela"
1788,"Bassett,Alex"
1789,"Pettyfer,Timothy"
1790,"Olyphant,Dianna"
1791,"Agron,Teresa"
1792,"Palmer,Mads"
1793,"Mikkelsen,Thomas"
1794,"BoLarsen,"
1795,"AnnikaWedderkopp,"
1796,"LasseFogelstrøm,"
1797,"SandraBullock,"
1798,"RyanReynolds,"
1799,"MarySteenburgen,Craig"
1800,"T.Nelson,"
1801,"WillFerrell,"
1802,"KevinHart,"
1803,"AlisonBrie,"
1804,"T.I.,Adam"
1805,"Sandler,Jennifer"
1806,"Aniston,Brooklyn"
1807,"Decker,NicoleKidman,"
1808,"LeonardoDiCaprio,"
1809,"KateWinslet,"
1810,"ChristopherFitzgerald,"
1811,"JonathanRoumie,"
1812,"BenAffleck,"
1813,"RebeccaHall,"
1814,"JonHamm,"
1815,"JeremyRenner,"
1816,"LaurenCohan,"
1817,"RupertEvans,"
1818,"JamesRussell,"
1819,"JimNorton,"
1820,"RachelWeisz,"
1821,"TomWilkinson,"
1822,"TimothySpall,"
1823,"AndrewScott,"
1824,"EthanHawke,"
1825,"SarahSnook,"
1826,"NoahTaylor,"
1827,"MadeleineWest,"
1828,"JackBlack,"
1829,"DylanMinnette,"
1830,"OdeyaRush,"
1831,"RyanLee,"
1832,RobertDowney
1833,"Jr.,Jude"
1834,"Law,Jared"
1835,"Harris,Rachel"
1836,"McAdams,Angelina"
1837,"Jolie,Liev"
1838,"Schreiber,Chiwetel"
1839,"Ejiofor,Daniel"
1840,"Olbrychski,Jake"
1841,"Gyllenhaal,Mélanie"
1842,"Laurent,Sarah"
1843,"Gadon,IsabellaRossellini,"
1844,"SharltoCopley,"
1845,"DavidJames,"
1846,"JasonCope,"
1847,"NathalieBoltt,"
1848,"WillFerrell,"
1849,"MarkWahlberg,"
1850,"DerekJeter,"
1851,"EvaMendes,"
1852,"DenzelWashington,"
1853,"RussellCrowe,"
1854,"ChiwetelEjiofor,Josh"
1855,"Brolin,Kirsten"
1856,"Dunst,Jason"
1857,"Schwartzman,Rip"
1858,"Torn,Judy"
1859,"Davis,John"
1860,"Cusack,Thandie"
1861,"Newton,Chiwetel"
1862,"Ejiofor,AmandaPeet,"
1863,"DanielRadcliffe,"
1864,"EmmaWatson,"
1865,"RupertGrint,"
1866,"MichaelGambon,"
1867,"BenAffleck,"
1868,"BryanCranston,"
1869,"JohnGoodman,"
1870,"AlanArkin,"
1871,"TaronEgerton,"
1872,"HughJackman,"
1873,"TomCostello,"
1874,"JoHartley,"
1875,"UlrichMühe,"
1876,"MartinaGedeck,Sebastian"
1877,"Koch,Ulrich"
1878,"Tukur,""Dominic"
1879,"Monaghan,Ksenia"
1880,"Solo,Jennette"
1881,"McCurdy,DaVoneMcDonald"","
1882,"AliaShawkat,"
1883,"NancyKwan,"
1884,"AnnabelleAttanasio,Alfred"
1885,"Molina,Michael"
1886,"Fassbender,Marion"
1887,"Cotillard,Jack"
1888,"Madigan,FrankMadigan,"
1889,"KristenBell,"
1890,"JasonSegel,"
1891,"PaulRudd,"
1892,"MilaKunis,"
1893,"BrentonThwaites,"
1894,"JeffBridges,"
1895,"MerylStreep,"
1896,"TaylorSwift,"
1897,"CaseyAffleck,"
1898,"ChiwetelEjiofor,"
1899,"AnthonyMackie,Aaron"
1900,"Paul,Giuseppe"
1901,"Battiston,Anna"
1902,"Foglietta,Marco"
1903,"Giallini,EdoardoLeo,"
1904,"JasonSudeikis,"
1905,"JoshGad,"
1906,"DannyMcBride,"
1907,"MayaRudolph,"
1908,"JaredGilman,"
1909,"KaraHayward,"
1910,"BruceWillis,"
1911,"BillMurray,"
1912,"JohnTravolta,"
1913,"QueenLatifah,"
1914,"NikkiBlonsky,Michelle"
1915,"Pfeiffer,Julianne"
1916,"Hough,Josh"
1917,"Duhamel,Cobie"
1918,"Smulders,DavidLyons,"
1919,"WillSmith,"
1920,"MargotRobbie,"
1921,"RodrigoSantoro,"
1922,"AdrianMartinez,"
1923,"BradGarrett,"
1924,"LouRomano,"
1925,"PattonOswalt,Ian"
1926,"Holm,Connor"
1927,"Paolo,Nick"
1928,"Damici,Kelly"
1929,"McGillis,Gregory"
1930,"Jones,Denzel"
1931,"Washington,Mila"
1932,"Kunis,Ray"
1933,"Stevenson,Gary"
1934,"Oldman,Mike"
1935,"Vogel,Jessica"
1936,"Lucas,Lizzy"
1937,"Caplan,T.J."
1938,"Miller,Edgar"
1939,"Ramírez,Luke"
1940,"Bracey,Ray"
1941,"Winstone,Teresa"
1942,"Palmer,Scarlett"
1943,"Johansson,Jeremy"
1944,"McWilliams,Lynsey"
1945,"TaylorMackay,"
1946,"DougieMcConnell,"
1947,"WillSmith,"
1948,"AliceBraga,"
1949,"CharlieTahan,"
1950,"SalliRichardson-Whitfield,"
1951,"WillSmith,"
1952,TommyLee
1953,"Jones,Josh"
1954,"Brolin,JemaineClement,"
1955,"ElleFanning,"
1956,"AJMichalka,"
1957,"KyleChandler,"
1958,"JoelCourtney,"
1959,"GerardButler,"
1960,"JamieFoxx,"
1961,"LeslieBibb,"
1962,"ColmMeaney,"
1963,"EdwardAsner,"
1964,"JordanNagai,"
1965,"JohnRatzenberger,"
1966,"ChristopherPlummer,"
1967,"""DylanOBrien,"
1968,"KayaScodelario,"
1969,"ThomasBrodie-Sangster,Giancarlo"
1970,"Esposito"",Cate"
1971,"Blanchett,Rooney"
1972,"Mara,Sarah"
1973,"Paulson,Kyle"
1974,"Chandler,Daniel"
1975,"Radcliffe,Toni"
1976,"Collette,Tracy"
1977,"Letts,Sam"
1978,"Trammell,Michael"
1979,"Caine,Harvey"
1980,"Keitel,Rachel"
1981,"Weisz,Jane"
1982,"Fonda,Jared"
1983,"Leto,Sarah"
1984,"Polley,Diane"
1985,"Kruger,Linh"
1986,"DanPham,"
1987,"RizAhmed,"
1988,"BilliePiper,"
1989,"JamesFloyd,"
1990,"CushJumbo,"
1991,"AaronTaylor-Johnson,"
1992,"TaylorKitsch,"
1993,"BlakeLively,Benicio"
1994,"DelToro,"
1995,"ZooeyDeschanel,"
1996,"JosephGordon-Levitt,"
1997,"GeoffreyArend,"
1998,ChloëGrace
1999,"Moretz,Emma"
2000,"Stone,Stephen"
2001,"Merchant,Richard"
2002,"Gere,Liev"
2003,"Schreiber,Sandra"
2004,"Bullock,George"
2005,"Clooney,Ed"
2006,"Harris,Orto"
2007,"Ignatiussen,""Asa"
2008,"Butterfield,David"
2009,"Thewlis,Rupert"
2010,"Friend,Zac"
2011,"MattoonOBrien"","
2012,"MarkWahlberg,"
2013,"MichaelPeña,"
2014,"RhonaMitra,"
2015,"DannyGlover,"
2016,"MarkWahlberg,"
2017,"ZooeyDeschanel,"
2018,"JohnLeguizamo,"
2019,"AshlynSanchez,"
2020,"KurtRussell,"
2021,"PatrickWilson,"
2022,"MatthewFox,"
2023,"RichardJenkins,"
2024,"ChanningTatum,"
2025,"JoeManganiello,"
2026,"MattBomer,Adam"
2027,"Rodriguez,Emma"
2028,"Stone,Amanda"
2029,"Bynes,Penn"
2030,"Badgley,Dan"
2031,"Byrd,Christian"
2032,"Bale,Joel"
2033,"Edgerton,Ben"
2034,"Kingsley,Sigourney"
2035,"Weaver,Sharlto"
2036,"Copley,Dev"
2037,"Patel,Hugh"
2038,"Jackman,SigourneyWeaver,"
2039,"IanMcKellen,"
2040,"MartinFreeman,"
2041,"RichardArmitage,Ken"
2042,"Stott,Chiwetel"
2043,"Ejiofor,Thandie"
2044,"Newton,Anika"
2045,"NoniRose,Joseph"
2046,"Mawle,Jamie"
2047,"Dornan,Cillian"
2048,"Murphy,Brian"
2049,"Caspe,Karel"
2050,"HermánekJr.,"
2051,"MichaelFassbender,"
2052,"PenélopeCruz,"
2053,"CameronDiaz,Javier"
2054,"Bardem,Anton"
2055,"Adasinsky,Aleksandr"
2056,"Armer,Vilen"
2057,"Babichev,Rostislav"
2058,"Bershauer,Tina"
2059,"Fey,Margot"
2060,"Robbie,Martin"
2061,"Freeman,Alfred"
2062,"Molina,Clive"
2063,"Owen,Catherine"
2064,"Keener,Liana"
2065,"Liberato,JasonClarke,"
2066,"BillyMagnussen,"
2067,"TerryChen,"
2068,"TeresaNavarro,Vanessa"
2069,"Ross,Matt"
2070,"Damon,Jodie"
2071,"Foster,Sharlto"
2072,"Copley,Alice"
2073,"Braga,Lorenza"
2074,"Izzo,Ariel"
2075,"Levy,Aaron"
2076,"Burns,Kirby"
2077,"BlissBlanton,"
2078,"AaronTaylor-Johnson,"
2079,"ElizabethOlsen,"
2080,"BryanCranston,"
2081,"KenWatanabe,"
2082,"JeremyRenner,"
2083,"RachelWeisz,"
2084,"EdwardNorton,"
2085,"ScottGlenn,"
2086,"RussellCrowe,"
2087,"AbbieCornish,"
2088,"AlbertFinney,"
2089,"MarionCotillard,"
2090,"AlyciaDebnam-Carey,"
2091,"WilliamMoseley,"
2092,"ConnorPaolo,"
2093,"BritMorgan,"
2094,"DenzelWashington,"
2095,"PaulaPatton,"
2096,"JimCaviezel,"
2097,"ValKilmer,"
2098,"ScarlettJohansson,"
2099,"MorganFreeman,"
2100,"Min-sikChoi,Amr"
2101,"Waked,Cynthia"
2102,"Nixon,Jennifer"
2103,"Ehle,Duncan"
2104,"Duff,Keith"
2105,"Carradine,Aaron"
2106,"Paul,Dominic"
2107,"Cooper,Imogen"
2108,"Poots,Scott"
2109,"Mescudi,Tom"
2110,"Cruise,Rosamund"
2111,"Pike,Richard"
2112,"Jenkins,Werner"
2113,"Herzog,Adam"
2114,"Sandler,David"
2115,"Spade,Paula"
2116,"Patton,Kathryn"
2117,"Hahn,Jim"
2118,"Carrey,Charlotte"
2119,"Gainsbourg,Marton"
2120,"Csokas,Kati"
2121,"Outinen,Ewan"
2122,"McGregor,Jennifer"
2123,"Connelly,Dakota"
2124,"Fanning,Peter"
2125,"Riegert,Ewan"
2126,"McGregor,Pierce"
2127,"Brosnan,Olivia"
2128,"Williams,JonBernthal,"
2129,"BradleyCooper,"
2130,"AnnaFriel,"
2131,"AbbieCornish,"
2132,RobertDe
2133,"Niro,James"
2134,"BadgeDale,"
2135,"EmilyMortimer,"
2136,"BruceGreenwood,Max"
2137,"Martini,Hilary"
2138,"Swank,Gerard"
2139,"Butler,Harry"
2140,"ConnickJr.,"
2141,"LisaKudrow,"
2142,"PatrickWilson,"
2143,"LenaHeadey,"
2144,"RayWinstone,Richard"
2145,"Dreyfuss,Michael"
2146,"Shannon,Joel"
2147,"Edgerton,Kirsten"
2148,"Dunst,Adam"
2149,"Driver,Keegan-Michael"
2150,"Key,Gillian"
2151,"Jacobs,Mike"
2152,"Birbiglia,ChrisGethard,"
2153,"MiaWasikowska,"
2154,"JohnnyDepp,"
2155,HelenaBonham
2156,"Carter,AnneHathaway,"
2157,"ElisabethMoss,"
2158,"NaomiWatts,"
2159,"RonPerlman,"
2160,"LievSchreiber,"
2161,"DaveJohns,"
2162,"HayleySquires,"
2163,"SharonPercy,"
2164,"BrianaShann,"
2165,"JenniferAniston,"
2166,"VinceVaughn,"
2167,"JonFavreau,"
2168,JoeyLauren
2169,"Adams,Ruth"
2170,"Negga,Joel"
2171,"Edgerton,Will"
2172,"Dalton,Dean"
2173,"Mumford,Miles"
2174,"Teller,Kate"
2175,"Mara,Michael"
2176,"B.Jordan,"
2177,"JamieBell,"
2178,"MiaGoth,"
2179,"MartinMcCann,"
2180,"BarryWard,"
2181,"AndrewSimpson,"
2182,"EmmaWatson,"
2183,"DanielBrühl,"
2184,"MichaelNyqvist,Richenda"
2185,"Carey,Jennifer"
2186,"Lopez,Ryan"
2187,"Guzman,Kristin"
2188,"Chenoweth,John"
2189,"Corbett,Jason"
2190,"Bateman,Rebecca"
2191,"Hall,Joel"
2192,"Edgerton,Allison"
2193,"Tolman,Luke"
2194,"Evans,Dominic"
2195,"Cooper,Sarah"
2196,"Gadon,Art"
2197,"Parkinson,Chris"
2198,"Hemsworth,Cillian"
2199,"Murphy,Brendan"
2200,"Gleeson,BenWhishaw,"
2201,"LukeWilson,"
2202,"MayaRudolph,"
2203,"DaxShepard,"
2204,"TerryCrews,"
2205,"SylvesterStallone,"
2206,"JasonStatham,"
2207,"JetLi,"
2208,"DolphLundgren,"
2209,"JaneLevy,"
2210,"ShilohFernandez,"
2211,"JessicaLucas,"
2212,LouTaylor
2213,"Pucci,Ethan"
2214,"Hawke,Juliet"
2215,"Rylance,James"
2216,"Ransone,FredDalton"
2217,"Thompson,John"
2218,"C.Reilly,"
2219,"JackMcBrayer,"
2220,"JaneLynch,"
2221,"SarahSilverman,"
2222,"KristenStewart,"
2223,"ChrisHemsworth,"
2224,"CharlizeTheron,"
2225,"SamClaflin,"
2226,"LeviMiller,"
2227,"HughJackman,"
2228,"GarrettHedlund,"
2229,"RooneyMara,"
2230,"ShiaLaBeouf,"
2231,"RosieHuntington-Whiteley,"
2232,"TyreseGibson,"
2233,"JoshDuhamel,"
2234,"EllenPage,"
2235,"MichaelCera,"
2236,"JenniferGarner,"
2237,"JasonBateman,"
2238,"TomHanks,"
2239,"SaritaChoudhury,"
2240,"BenWhishaw,Alexander"
2241,"Black,""George"
2242,"Clooney,Julia"
2243,"Roberts,Jack"
2244,"OConnell,DominicWest"","
2245,"CameronDiaz,"
2246,"LeslieMann,"
2247,"KateUpton,"
2248,"NikolajCoster-Waldau,"
2249,"AmyAdams,"
2250,"SusanSarandon,"
2251,"JamesMarsden,"
2252,"PatrickDempsey,"
2253,RobertDe
2254,"Niro,Anne"
2255,"Hathaway,Rene"
2256,"Russo,AndersHolm,"
2257,"SteveCarell,"
2258,"ToniCollette,"
2259,"GregKinnear,"
2260,"AbigailBreslin,"
2261,"MilesTeller,"
2262,"AaronEckhart,"
2263,"KateySagal,"
2264,"CiaránHinds,"
2265,"SamWorthington,"
2266,"LiamNeeson,"
2267,"RalphFiennes,Jason"
2268,"Flemyng,Chris"
2269,"Pine,Casey"
2270,"Affleck,Ben"
2271,"Foster,Eric"
2272,"Bana,Jeff"
2273,"Bridges,Garrett"
2274,"Hedlund,Olivia"
2275,"Wilde,Bruce"
2276,"Boxleitner,Jennifer"
2277,"Lawrence,Josh"
2278,"Hutcherson,Liam"
2279,"Hemsworth,Philip"
2280,"SeymourHoffman,"
2281,"RyanGosling,"
2282,"KirstenDunst,"
2283,"FrankLangella,"
2284,"LilyRabe,"
2285,"DaveBautista,"
2286,"AlainMoussi,"
2287,"GinaCarano,"
2288,Jean-ClaudeVan
2289,"Damme,Noah"
2290,"Ringer,Nicola"
2291,"Peltz,Jackson"
2292,"Rathbone,DevPatel,"
2293,"JasonSegel,"
2294,"CameronDiaz,"
2295,"RobCorddry,"
2296,"EllieKemper,"
2297,"CameronDiaz,"
2298,"MatthewMorrison,"
2299,J.Todd
2300,"Smith,Dennis"
2301,"Quaid,Brad"
2302,"Pitt,Robin"
2303,"Wright,Jonah"
2304,"Hill,Philip"
2305,"SeymourHoffman,"
2306,"NicolasCage,"
2307,"EvaMendes,"
2308,"SamElliott,"
2309,"MattLong,"
2310,"""JackOConnell,"
2311,"Miyavi,Domhnall"
2312,"Gleeson,Garrett"
2313,"Hedlund"",Henry"
2314,"Cavill,Mickey"
2315,"Rourke,John"
2316,"Hurt,Stephen"
2317,"Dorff,Cillian"
2318,"Murphy,Rose"
2319,"Byrne,Chris"
2320,"Evans,Michelle"
2321,"Yeoh,Kelly"
2322,"Macdonald,BillyConnolly,"
2323,"EmmaThompson,"
2324,"JulieWalters,"
2325,"MichaelNyqvist,"
2326,"NoomiRapace,"
2327,"EwaFröling,Lena"
2328,"Endre,Naomi"
2329,"Watts,Robin"
2330,"Wright,Xavier"
2331,"Samuel,James"
2332,"Frecheville,Tom"
2333,"Hardy,Noomi"
2334,"Rapace,James"
2335,"Gandolfini,MatthiasSchoenaerts,"
2336,"AmandaBynes,"
2337,"LauraRamsey,"
2338,"ChanningTatum,Vinnie"
2339,"Jones,Will"
2340,"Ferrell,Mark"
2341,"Wahlberg,Linda"
2342,"Cardellini,Thomas"
2343,"HadenChurch,"
2344,"KodiSmit-McPhee,"
2345,ChloëGrace
2346,"Moretz,Richard"
2347,"Jenkins,Cara"
2348,"Buono,Sean"
2349,"Faris,Djimon"
2350,"Hounsou,Amber"
2351,"Heard,Cam"
2352,"Gigandet,Sacha"
2353,"BaronCohen,"
2354,"MarkStrong,"
2355,"RebelWilson,Freddie"
2356,"Crowder,Sam"
2357,"Rockwell,Kevin"
2358,"Spacey,Dominique"
2359,"McElligott,RosieShaw,"
2360,"WillFerrell,"
2361,"JonahHill,"
2362,"BradPitt,"
2363,"TinaFey,"
2364,"SeanPenn,"
2365,"RyanGosling,"
2366,"EmmaStone,"
2367,"GiovanniRibisi,"
2368,"MelGibson,"
2369,"ErinMoriarty,"
2370,"DiegoLuna,"
2371,"MichaelParks,"
2372,"JenniferAniston,"
2373,"JenniferConnelly,"
2374,"MorganLily,Trenton"
2375,"Rogers,Jack"
2376,"Black,Bryan"
2377,"Cranston,Dustin"
2378,"Hoffman,Angelina"
2379,"Jolie,Matt"
2380,"Vael,Simon"
2381,"Cotton,Kevin"
2382,"Leslie,Olivia"
2383,"Moyles,""Fionn"
2384,"OShea,Nicholas"
2385,"Galitzine,Andrew"
2386,"Scott,Moe"
2387,"Dunford"",Jennifer"
2388,"Lawrence,John"
2389,"Hawkes,Garret"
2390,"Dillahunt,IsaiahStone,"
2391,"JasonBateman,"
2392,"CharlieDay,"
2393,"JasonSudeikis,"
2394,"SteveWiebe,"
2395,"AnneDorval,"
2396,"Antoine-OlivierPilon,"
2397,"SuzanneClément,Patrick"
2398,"Huard,Ron"
2399,"Perlman,Selma"
2400,"Blair,Doug"
2401,"Jones,John"
2402,"Alexander,Alice"
2403,"Englert,Viola"
2404,"Davis,Emma"
2405,"Thompson,AldenEhrenreich,"
2406,"SandraHüller,"
2407,"PeterSimonischek,"
2408,"MichaelWittenborn,Thomas"
2409,"Loibl,Rachel"
2410,"Weisz,Mark"
2411,"Wahlberg,Saoirse"
2412,"Ronan,Susan"
2413,"Sarandon,Brad"
2414,"Pitt,Casey"
2415,"Affleck,Sam"
2416,"Shepard,Mary-Louise"
2417,"Parker,Joseph"
2418,"Gordon-Levitt,Scarlett"
2419,"Johansson,JulianneMoore,"
2420,"TonyDanza,"
2421,"IdrisElba,"
2422,"RichardMadden,"
2423,CharlotteLe
2424,"Bon,Kelly"
2425,"Reilly,Paul"
2426,"Sidhu,Branden"
2427,"Coles,Arielle"
2428,"Holmes,Kelcey"
2429,"Watson,Matthew"
2430,"McConaughey,Gugu"
2431,"Mbatha-Raw,Mahershala"
2432,"Ali,Keri"
2433,"Russell,Anna"
2434,"Kendrick,Sam"
2435,"Rockwell,Tim"
2436,"Roth,James"
2437,"Ransone,Ben"
2438,"Stiller,Kristen"
2439,"Wiig,Jon"
2440,"Daly,Kathryn"
2441,"Hahn,Shameik"
2442,"Moore,Tony"
2443,"Revolori,Kiersey"
2444,"Clemons,KimberlyElise,"
2445,"KateBeckinsale,"
2446,"MichaelEaly,"
2447,"IndiaEisley,"
2448,"StephenRea,"
2449,"WillemDafoe,"
2450,"CharlotteGainsbourg,"
2451,StormAcheche
2452,"Sahlstrøm,Jared"
2453,"Padalecki,Amanda"
2454,"Righetti,Derek"
2455,"Mears,DaniellePanabaker,"
2456,"LiamNeeson,"
2457,"ForestWhitaker,"
2458,"MaggieGrace,Famke"
2459,"Janssen,Colin"
2460,"Farrell,Bokeem"
2461,"Woodbine,Bryan"
2462,"Cranston,KateBeckinsale,"
2463,"PatrickStewart,"
2464,"HughJackman,"
2465,"HalleBerry,"
2466,"FamkeJanssen,"
2467,"LyndsyFonseca,"
2468,"MichaelDoneger,"
2469,"TommyDewey,Bruce"
2470,"Campbell,Keanu"
2471,"Reeves,Renée"
2472,"Zellweger,Gugu"
2473,"Mbatha-Raw,Gabriel"
2474,"Basso,Ben"
2475,"Stiller,Robin"
2476,"Williams,Owen"
2477,"Wilson,Dick"
2478,"VanDyke,"
2479,"JakeGyllenhaal,"
2480,"AnneHathaway,"
2481,"JudyGreer,"
2482,"OliverPlatt,"
2483,"JamesFranco,"
2484,"SethRogen,"
2485,"RandallPark,"
2486,"LizzyCaplan,"
2487,"Kang-hoSong,"
2488,"Hee-BongByun,"
2489,"Hae-ilPark,"
2490,"DoonaBae,"
2491,"AmberPerkins,"
2492,"RachelQuinn,"
2493,"DeanWaite,"
2494,JaelElizabeth
2495,"Steinmeyer,Ben"
2496,"Burtt,Elissa"
2497,"Knight,Jeff"
2498,"Garlin,Fred"
2499,"Willard,Seth"
2500,"Rogen,Katherine"
2501,"Heigl,Paul"
2502,"Rudd,Leslie"
2503,"Mann,Jake"
2504,"Gyllenhaal,Michelle"
2505,"Monaghan,Vera"
2506,"Farmiga,JeffreyWright,"
2507,"TomHardy,"
2508,"ShiaLaBeouf,"
2509,"GuyPearce,"
2510,"JasonClarke,"
2511,"HeatherSossaman,"
2512,"MatthewBohrer,"
2513,"CourtneyHalverson,"
2514,"ShelleyHennig,"
2515,"JasonBiggs,"
2516,"AlysonHannigan,Seann"
2517,"WilliamScott,"
2518,"ChrisKlein,"
2519,"WillSmith,"
2520,"ThandieNewton,"
2521,"JadenSmith,"
2522,"BrianHowe,"
2523,"DaríoGrandinetti,"
2524,"MaríaMarull,"
2525,"MónicaVilla,"
2526,"RitaCortese,"
2527,"AdamSandler,"
2528,"TerryCrews,"
2529,"JorgeGarcia,"
2530,"TaylorLautner,"
2531,"PierreNiney,"
2532,"PaulaBeer,"
2533,"ErnstStötzner,"
2534,"MarieGruber,"
2535,"""SofiaBlack-DElia,"
2536,"AnaleighTipton,Travis"
2537,"Tope,Michael"
2538,"Kelly"",Clint"
2539,"Eastwood,Bee"
2540,"Vang,Christopher"
2541,"Carley,AhneyHer,"
2542,"BradleyCooper,"
2543,"SiennaMiller,"
2544,"DanielBrühl,"
2545,"RiccardoScamarcio,"
2546,"DanCrisafulli,"
2547,"KayWhitney,"
2548,"RichardGarcia,"
2549,"PatCashman,"
2550,"EmilyBrowning,"
2551,"RachaelBlake,"
2552,"EwenLeslie,"
2553,"BridgetteBarrett,"
2554,"ZoeyDeutch,"
2555,"LucyFry,"
2556,"DanilaKozlovsky,"
2557,"GabrielByrne,"
2558,"JohnnyDepp,"
2559,HelenaBonham
2560,"Carter,Alan"
2561,"Rickman,TimothySpall,"
2562,"AnthonyHopkins,"
2563,JeffreyDean
2564,"Morgan,Abbie"
2565,"Cornish,Colin"
2566,"Farrell,Patrick"
2567,"Wilson,Rose"
2568,"Byrne,Ty"
2569,"Simpkins,Lin"
2570,"Shaye,Andy"
2571,"Samberg,Jorma"
2572,"Taccone,AkivaSchaffer,"
2573,"SarahSilverman,"
2574,"EllieKendrick,"
2575,"DavidTroughton,"
2576,"JackHolden,Joe"
2577,"Blakemore,Christian"
2578,"Bale,Johnny"
2579,"Depp,Christian"
2580,"Stolte,Jason"
2581,"Clarke,Ellar"
2582,"Coltrane,Patricia"
2583,"Arquette,Ethan"
2584,"Hawke,ElijahSmith,"
2585,"MeganFox,"
2586,"WillArnett,"
2587,"WilliamFichtner,"
2588,"NoelFisher,"
2589,"NaomiWatts,"
2590,"ViggoMortensen,"
2591,"ArminMueller-Stahl,"
2592,"JosefAltin,"
2593,"GeoffreyRush,"
2594,"NicholasHope,"
2595,"SamNeill,"
2596,"EwenLeslie,"
2597,"SethRogen,"
2598,"JamesFranco,"
2599,"GaryCole,"
2600,"DannyMcBride,"
2601,"""DylanOBrien,"
2602,"BrittRobertson,"
2603,"VictoriaJustice,"
2604,"JamesFrecheville"","
2605,"MorganFreeman,"
2606,"EdHarris,"
2607,"CaseyAffleck,"
2608,"MichelleMonaghan,"
2609,"SandraBullock,"
2610,"MichaelMcDonald,"
2611,"MelissaMcCarthy,Demián"
2612,"Bichir,Isabelle"
2613,"Huppert,André"
2614,"Marcon,Roman"
2615,"Kolinka,EdithScob,"
2616,"KeiraKnightley,"
2617,"JudeLaw,"
2618,"AaronTaylor-Johnson,Matthew"
2619,"Macfadyen,Ethan"
2620,"Hawke,David"
2621,"Thewlis,Emma"
2622,"Watson,DaleDickey,"
2623,"MarkWahlberg,"
2624,"SethMacFarlane,"
2625,"AmandaSeyfried,"
2626,"JessicaBarth,"
2627,"MarkWahlberg,"
2628,"DwayneJohnson,"
2629,"AnthonyMackie,Tony"
2630,"Shalhoub,Leonardo"
2631,"DiCaprio,Djimon"
2632,"Hounsou,Jennifer"
2633,"Connelly,Kagiso"
2634,"Kuypers,Colin"
2635,"Firth,Reese"
2636,"Witherspoon,Alessandro"
2637,"Nivola,JamesHamrick,"
2638,"TomHardy,"
2639,"GaryOldman,"
2640,"NoomiRapace,"
2641,"JoelKinnaman,"
2642,"JeremyRenner,"
2643,"AnthonyMackie,"
2644,"BrianGeraghty,Guy"
2645,"Pearce,Ryan"
2646,"Reynolds,Blake"
2647,"Lively,Peter"
2648,"Sarsgaard,MarkStrong,"
2649,"AlexanderSkarsgård,"
2650,"MichaelPeña,"
2651,"TheoJames,"
2652,"TessaThompson,"
2653,"ThomasJane,"
2654,MarciaGay
2655,"Harden,Laurie"
2656,"Holden,AndreBraugher,"
2657,"""SylvesterStallone,"
2658,"ArnoldSchwarzenegger,"
2659,"50Cent,"
2660,"VincentDOnofrio"","
2661,"LilyCollins,"
2662,"SamClaflin,"
2663,"ChristianCooke,"
2664,"JaimeWinstone,"
2665,"MaeWhitman,"
2666,"BellaThorne,"
2667,"RobbieAmell,"
2668,"AllisonJanney,"
2669,"Byung-hunLee,"
2670,"YooGong,"
2671,"Kang-hoSong,"
2672,"Ji-minHan,"
2673,"JenniferLawrence,"
2674,"JoshHutcherson,"
2675,"LiamHemsworth,"
2676,"WoodyHarrelson,"
2677,"TildaSwinton,"
2678,JohnC.
2679,"Reilly,Ezra"
2680,"Miller,Jasper"
2681,"Newell,Kate"
2682,"Beckinsale,Chloë"
2683,"Sevigny,Xavier"
2684,"Samuel,EmmaGreenwell,"
2685,"LilyCollins,"
2686,JamieCampbell
2687,"Bower,Robert"
2688,"Sheehan,JemimaWest,"
2689,"WillSmith,"
2690,"RosarioDawson,"
2691,"WoodyHarrelson,Michael"
2692,"Ealy,Colin"
2693,"Firth,Geoffrey"
2694,"Rush,Helena"
2695,"BonhamCarter,Derek"
2696,"Jacobi,Stuart"
2697,"Graham,Laine"
2698,"Megaw,Brian"
2699,"Milligan,Liam"
2700,"McMahon,Hayden"
2701,"Christensen,Samuel"
2702,"L.Jackson,"
2703,"JamieBell,Rachel"
2704,"Bilson,Tom"
2705,"Hanks,Tim"
2706,"Allen,Joan"
2707,"Cusack,Ned"
2708,"Beatty,Gary"
2709,"Oldman,Colin"
2710,"Firth,Tom"
2711,"Hardy,Mark"
2712,"Strong,Milla"
2713,"Jovovich,Sienna"
2714,"Guillory,Michelle"
2715,"Rodriguez,Aryana"
2716,"Engineer,Alia"
2717,"Bhatt,Shah"
2718,"RukhKhan,"
2719,"KunalKapoor,"
2720,"PriyankaMoodley,"
2721,"ColinFirth,"
2722,"JudeLaw,"
2723,"NicoleKidman,"
2724,"LauraLinney,"
2725,"KitHarington,"
2726,"EmilyBrowning,"
2727,"KieferSutherland,"
2728,"AdewaleAkinnuoye-Agbaje,"
2729,"SurajSharma,"
2730,"IrrfanKhan,"
2731,"AdilHussain,"
2732,"Tabu,Richard"
2733,"Gere,Joan"
2734,"Allen,Cary-Hiroyuki"
2735,"Tagawa,SarahRoemer,"
2736,"ChanningTatum,"
2737,"RosarioDawson,"
2738,"ChrisPratt,"
2739,JennaDewan
2740,"Tatum,Michael"
2741,"Pitt,Steven"
2742,"Yeun,Astrid"
2743,"Bergès-Frisbey,Brit"
2744,"Marling,Bruce"
2745,"Willis,Justin"
2746,"Long,Timothy"
2747,"Olyphant,Maggie"
2748,"Q,Wesley"
2749,"Elder,Christina"
2750,"Grimmie,Osric"
2751,"Chau,Olan"
2752,"Rogers,Naomi"
2753,"Watts,Tim"
2754,"Roth,Michael"
2755,"Pitt,Brady"
2756,"Corbet,Mark"
2757,"Wahlberg,Mila"
2758,"Kunis,Seth"
2759,"MacFarlane,Joel"
2760,"McHale,Bruce"
2761,"Willis,Helen"
2762,"Mirren,Morgan"
2763,"Freeman,Mary-LouiseParker,"
2764,"NicoleKidman,"
2765,"HughJackman,"
2766,"SheaAdams,"
2767,"EddieBaroo,"
2768,"DwayneJohnson,"
2769,BillyBob
2770,"Thornton,Maggie"
2771,"Grace,Mauricio"
2772,"Lopez,Josh"
2773,"Stewart,Bill"
2774,"Engvall,Alex"
2775,"Essoe,Ronnie"
2776,"GeneBlevins,"
2777,"MattDamon,"
2778,"EmilyBlunt,"
2779,"LisaThoreson,"
2780,"FlorenceKastriner,"
2781,"SharltoCopley,"
2782,"CharlieDay,"
2783,"RichardJenkins,"
2784,"AnnaKendrick,"
2785,RobertDowney
2786,"Jr.,Robert"
2787,"Duvall,Vera"
2788,"Farmiga,Billy"
2789,"BobThornton,"
2790,"EricBana,"
2791,"RebeccaHall,"
2792,"JimBroadbent,"
2793,"CiaránHinds,"
2794,"ShiaLaBeouf,"
2795,"MeganFox,"
2796,"JoshDuhamel,"
2797,"TyreseGibson,"
2798,"EmmanuelGarijo,"
2799,"TomHudson,"
2800,"BaptisteGoy,"
2801,"AxelDevillers,"
2802,"DiegoLuna,"
2803,"ZoeSaldana,"
2804,"ChanningTatum,"
2805,"RonPerlman,"
2806,"LubnaAzabal,"
2807,"MélissaDésormeaux-Poulin,"
2808,"MaximGaudette,"
2809,"MustafaKamel,"
2810,"BenStiller,"
2811,"MichelleMonaghan,Malin"
2812,"Akerman,Jerry"
2813,"Stiller,Elijah"
2814,"Wood,Brittany"
2815,"Murphy,Hugh"
2816,"Jackman,Robin"
2817,"Williams,Adrian"
2818,"Grenier,Kevin"
2819,"Connolly,Jerry"
2820,"Ferrara,Kevin"
2821,"Dillon,Scott"
2822,"Speedman,Liv"
2823,"Tyler,Gemma"
2824,"Ward,Alex"
2825,"Fisher,Russell"
2826,"Crowe,Jennifer"
2827,"Connelly,Anthony"
2828,"Hopkins,Emma"
2829,"Watson,Seth"
2830,"Rogen,Rose"
2831,"Byrne,Zac"
2832,"Efron,Lisa"
2833,"Kudrow,Charlotte"
2834,"Gainsbourg,Stellan"
2835,"Skarsgård,Willem"
2836,"Dafoe,Jamie"
2837,"Bell,Reese"
2838,"Witherspoon,Laura"
2839,"Dern,Gaby"
2840,"Hoffmann,MichielHuisman,"
2841,"AdamSandler,"
2842,"SalmaHayek,"
2843,"KevinJames,"
2844,"ChrisRock,"
2845,JamesAllen
2846,"McCune,Callie"
2847,"Hernandez,Corbin"
2848,"Reid,Brandon"
2849,"Scott,Jackie"
2850,"Chan,Jaden"
2851,"Smith,Taraji"
2852,"P.Henson,"
2853,"WenwenHan,"
2854,"JohnnyDepp,"
2855,"MichellePfeiffer,"
2856,"EvaGreen,"
2857,HelenaBonham
2858,"Carter,Mila"
2859,"Kunis,Justin"
2860,"Timberlake,Patricia"
2861,"Clarkson,Jenna"
2862,"Elfman,Edward"
2863,"Norton,Jessica"
2864,"Biel,Paul"
2865,"Giamatti,Rufus"
2866,"Sewell,Liam"
2867,"Neeson,Bradley"
2868,"Cooper,Sharlto"
2869,"Copley,JessicaBiel,"
2870,"DanStevens,"
2871,"SheilaKelley,"
2872,"MaikaMonroe,"
2873,JoelDavid
2874,"Moore,Vince"
2875,"Vaughn,Owen"
2876,"Wilson,Rose"
2877,"Byrne,Aasif"
2878,"Mandvi,Simon"
2879,"Pegg,Nick"
2880,"Frost,Seth"
2881,"Rogen,Mia"
2882,"Stallard,Jessica"
2883,"BrownFindlay,"
2884,"AndrewScott,"
2885,"JeremyIrvine,Tom"
2886,"Wilkinson,Tom"
2887,"Hanks,Audrey"
2888,"Tautou,Jean"
2889,"Reno,Ian"
2890,"McKellen,Eddie"
2891,"Murphy,Britt"
2892,"Robertson,Natascha"
2893,"McElhone,Xavier"
2894,"Samuel,Asa"
2895,"Butterfield,Chloë"
2896,"GraceMoretz,"
2897,"ChristopherLee,"
2898,"BenKingsley,"
2899,"EmmaRoberts,"
2900,"KiernanShipka,"
2901,"LaurenHolly,"
2902,"LucyBoynton,"
2903,"LeonardoDiCaprio,"
2904,"RussellCrowe,"
2905,"MarkStrong,Golshifteh"
2906,"Farahani,Christian"
2907,"Bale,Cate"
2908,"Blanchett,Natalie"
2909,"Portman,BrianDennehy,"
2910,"BrendanFraser,"
2911,"JetLi,"
2912,"MariaBello,"
2913,"MichelleYeoh,"
2914,"MelissaMcCarthy,"
2915,"KristenBell,"
2916,"PeterDinklage,"
2917,"EllaAnderson,"
2918,"EdgarRamírez,"
2919,"UsherRaymond,"
2920,RobertDe
2921,"Niro,Rubén"
2922,"Blades,Ricardo"
2923,"Darín,Soledad"
2924,"Villamil,Pablo"
2925,"Rago,CarlaQuevedo,"
2926,"JeffBridges,"
2927,"MattDamon,"
2928,"HaileeSteinfeld,Josh"
2929,"Brolin,Zac"
2930,"Efron,Wes"
2931,"Bentley,Emily"
2932,"Ratajkowski,Jonny"
2933,"Weston,Seth"
2934,"MacFarlane,Charlize"
2935,"Theron,Liam"
2936,"Neeson,AmandaSeyfried,"
2937,"BrianWhite,"
2938,"KarruecheTran,"
2939,"AngeliquePereira,Jessica"
2940,"VanessaDeLeon,"
2941,"LilyCollins,"
2942,"HaleyBennett,"
2943,"TaissaFarmiga,"
2944,"SteveTom,"
2945,"ElizabethReaser,"
2946,"LuluWilson,"
2947,"AnnaliseBasso,Henry"
2948,"Thomas,Logan"
2949,"Lerman,Alexandra"
2950,"Daddario,Brandon"
2951,"T.Jackson,"
2952,"NathanFillion,"
2953,"AnthonyHopkins,"
2954,"RyanGosling,"
2955,"DavidStrathairn,Rosamund"
2956,"Pike,Karen"
2957,"Gillan,Brenton"
2958,"Thwaites,Katee"
2959,"Sackhoff,RoryCochrane,"
2960,"ColinFarrell,"
2961,"BrendanGleeson,"
2962,"CiaránHinds,Elizabeth"
2963,"Berrington,Reese"
2964,"Witherspoon,Chris"
2965,"Pine,Tom"
2966,"Hardy,Til"
2967,"Schweiger,Tatiana"
2968,"Pauhofová,Karl"
2969,"Markovics,Gedeon"
2970,"Burkhard,SimonaStasová,"
2971,"ViggoMortensen,"
2972,"CharlizeTheron,"
2973,"KodiSmit-McPhee,Robert"
2974,"Duvall,Abbie"
2975,"Cornish,Dermot"
2976,"Mulroney,Justin"
2977,"Long,DiegoKlattenhoff,"
2978,"LarenzTate,"
2979,"MeaganGood,"
2980,"Rotimi,Rick"
2981,"Gonzalez,Jason"
2982,"Momoa,Ron"
2983,"Perlman,Rose"
2984,"McGowan,StephenLang,"
2985,"MarkWahlberg,"
2986,"ChristianBale,"
2987,"AmyAdams,Melissa"
2988,"Leo,Freddie"
2989,"Highmore,Keri"
2990,"Russell,Jonathan"
2991,"RhysMeyers,"
2992,"TerrenceHoward,"
2993,"JonFavreau,"
2994,RobertDowney
2995,"Jr.,Scarlett"
2996,"Johansson,DustinHoffman,"
2997,"HelenMirren,"
2998,"AaronPaul,"
2999,"AlanRickman,"
3000,"BarkhadAbdi,"
3001,"ShiaLaBeouf,"
3002,"MichelleMonaghan,"
3003,"RosarioDawson,Michael"
3004,"Chiklis,Ethan"
3005,"Hawke,Lena"
3006,"Headey,Max"
3007,"Burkholder,AdelaideKane,"
3008,"AamirKhan,"
3009,"AnushkaSharma,"
3010,"SanjayDutt,Boman"
3011,"Irani,Harrison"
3012,"Ford,Asa"
3013,"Butterfield,Hailee"
3014,"Steinfeld,Abigail"
3015,"Breslin,Harrison"
3016,"Ford,Cate"
3017,"Blanchett,Shia"
3018,"LaBeouf,KarenAllen,"
3019,"NatWolff,"
3020,"CaraDelevingne,"
3021,"AustinAbrams,"
3022,"JusticeSmith,"
3023,"TomHiddleston,"
3024,"JeremyIrons,"
3025,"SiennaMiller,"
3026,"LukeEvans,"
3027,"DanielCraig,"
3028,"OlgaKurylenko,"
3029,"MathieuAmalric,"
3030,"JudiDench,"
3031,"SigourneyWeaver,"
3032,"MichelleRodriguez,"
3033,"TonyShalhoub,Anthony"
3034,"LaPaglia,Jay"
3035,"Baruchel,Gerard"
3036,"Butler,ChristopherMintz-Plasse,"
3037,"CraigFerguson,"
3038,"PaulGiamatti,"
3039,BryceDallas
3040,"Howard,Jeffrey"
3041,"Wright,Bob"
3042,"Balaban,Hugh"
3043,"Jackman,Rachel"
3044,"Weisz,Sean"
3045,"PatrickThomas,"
3046,"EllenBurstyn,"
3047,"OwenWilson,"
3048,Larrythe
3049,"CableGuy,Michael"
3050,"Caine,Emily"
3051,"Mortimer,Malcolm"
3052,"McDowell,Richard"
3053,"Brake,Jeff"
3054,"DanielPhillips,Sheri"
3055,"MoonZombie,"
3056,"AbigailBreslin,"
3057,"WesBentley,"
3058,"LoganHuffman,Alexander"
3059,"Ludwig,Maddy"
3060,"Curley,John"
3061,"DeLuca,Nikki"
3062,"SooHoo,Drew"
3063,"Seeley,Dev"
3064,"Patel,Jeremy"
3065,"Irons,Malcolm"
3066,"Sinclair,Raghuvir"
3067,"Joshi,Liam"
3068,"Neeson,Diane"
3069,"Kruger,January"
3070,"Jones,AidanQuinn,"
3071,"RyanReynolds,"
3072,"NatalieMartinez,"
3073,"MatthewGoode,Ben"
3074,"Kingsley,Kevin"
3075,"Costner,Demi"
3076,"Moore,William"
3077,"Hurt,Dane"
3078,"Cook,Callum"
3079,"Turner,Grace"
3080,"VanPatten,"
3081,"MichalVondel,"
3082,"MikeBirbiglia,"
3083,"ChrisEvans,"
3084,"AliceEve,"
3085,"EmmaFitzpatrick,"
3086,"JohnCullum,"
3087,"TomHanks,"
3088,"BarkhadAbdi,"
3089,"BarkhadAbdirahman,Catherine"
3090,"Keener,Rooney"
3091,"Mara,Eric"
3092,"Bana,Theo"
3093,"James,Aidan"
3094,"Turner,Ben"
3095,"Winchell,Josh"
3096,"Brener,Maria"
3097,"Bello,Andy"
3098,"Garcia,Adam"
3099,"Sandler,Andy"
3100,"Samberg,Selena"
3101,"Gomez,Kevin"
3102,"James,Will"
3103,"Smith,Charlize"
3104,"Theron,Jason"
3105,"Bateman,Jae"
3106,"Head,Amy"
3107,"Poehler,Tina"
3108,"Fey,Maya"
3109,"Rudolph,Ike"
3110,"Barinholtz,""Robert"
3111,"DeNiro,"
3112,"MichellePfeiffer,"
3113,"DiannaAgron,"
3114,"JohnDLeo"","
3115,"SethRogen,"
3116,"ElizabethBanks,"
3117,"CraigRobinson,"
3118,"GerryBednob,"
3119,"GaspardSchlatter,"
3120,"SixtineMurat,"
3121,"PaulinJaccoud,Michel"
3122,"Vuillermoz,Sam"
3123,"Worthington,Elizabeth"
3124,"Banks,Jamie"
3125,"Bell,Mandy"
3126,"Gonzalez,Natalie"
3127,"Portman,Ashton"
3128,"Kutcher,Kevin"
3129,"Kline,Cary"
3130,"Elwes,Christian"
3131,"Bale,Steve"
3132,"Zahn,Jeremy"
3133,"Davies,Zach"
3134,"Grenier,Steve"
3135,"Carell,Kristen"
3136,"Wiig,Benjamin"
3137,"Bratt,Miranda"
3138,"Cosgrove,Liam"
3139,"Neeson,Dan"
3140,"Stevens,David"
3141,"Harbour,Boyd"
3142,"Holbrook,Simon"
3143,"Pegg,Nick"
3144,"Frost,Martin"
3145,"Freeman,Rosamund"
3146,"Pike,Lily-Rose"
3147,"Depp,Harley"
3148,"QuinnSmith,"
3149,"JohnnyDepp,Adam"
3150,"Brody,Colin"
3151,"Farrell,Woody"
3152,"Harrelson,Sam"
3153,"Rockwell,ChristopherWalken,"
3154,"RayWinstone,"
3155,"CrispinGlover,"
3156,"AngelinaJolie,Robin"
3157,"Wright,Chris"
3158,"Pine,Kevin"
3159,"Costner,Keira"
3160,"Knightley,KennethBranagh,"
3161,"JohnCusack,"
3162,SamuelL.
3163,"Jackson,Mary"
3164,"McCormack,Paul"
3165,"Birchard,Mark"
3166,"Wahlberg,Jessica"
3167,"Lange,John"
3168,"Goodman,Brie"
3169,"Larson,Jake"
3170,"Gyllenhaal,Gemma"
3171,"Arterton,Ben"
3172,"Kingsley,AlfredMolina,"
3173,"MilesTeller,"
3174,"ShaileneWoodley,"
3175,"KyleChandler,Jennifer"
3176,"JasonLeigh,"
3177,"DavidOyelowo,"
3178,"RosamundPike,"
3179,"TomFelton,"
3180,"JackDavenport,"
3181,"NicolasCage,"
3182,"TomSizemore,"
3183,"ThomasJane,Matt"
3184,"Lanter,Munro"
3185,"Chambers,Laurence"
3186,"Leboeuf,Michael"
3187,"Ironside,Edwin"
3188,"Wright,Jessica"
3189,"Chastain,Nikolaj"
3190,"Coster-Waldau,Megan"
3191,"Charpentier,Isabelle"
3192,"Nélisse,Vera"
3193,"Farmiga,Peter"
3194,"Sarsgaard,Isabelle"
3195,"Fuhrman,CCH"
3196,"Pounder,Woody"
3197,"Allen,Penélope"
3198,"Cruz,Jesse"
3199,"Eisenberg,Ellen"
3200,"Page,George"
3201,"Clooney,Meryl"
3202,"Streep,Bill"
3203,"Murray,Jason"
3204,"Schwartzman,Denzel"
3205,"Washington,Clive"
3206,"Owen,Jodie"
3207,"Foster,ChristopherPlummer,"
3208,"PierceBrosnan,"
3209,"JasonBarry,"
3210,"KarenMoskow,"
3211,"KaiRyssdal,"
3212,"JamesFranco,"
3213,"AmberTamblyn,"
3214,"KateMara,"
3215,"SeanBott,"
3216,"WardHorton,"
3217,"AnnabelleWallis,"
3218,"AlfreWoodard,Tony"
3219,"Amendola,Katie"
3220,"Cassidy,Elizabeth"
3221,"Henstridge,Adam"
3222,"Campbell,Miles"
3223,"Fisher,Michelle"
3224,"Williams,Kristin"
3225,"ScottThomas,"
3226,"MargotRobbie,Eric"
3227,"Godon,Christopher"
3228,"Plummer,Lily"
3229,"Cole,Heath"
3230,"Ledger,AndrewGarfield,"
3231,"DennisQuaid,"
3232,"ChanningTatum,"
3233,"MarlonWayans,Adewale"
3234,"Akinnuoye-Agbaje,Rebecca"
3235,"Hall,Michael"
3236,"C.Hall,"
3237,"TracyLetts,"
3238,"MariaDizzia,"
3239,"ShiaLaBeouf,"
3240,"JaiCourtney,"
3241,"GaryOldman,"
3242,"KateMara,"
3243,"MichaelVartan,"
3244,"ErinMoriarty,"
3245,"NadineVelazquez,Ronnie"
3246,"GeneBlevins,"
3247,"NaomiWatts,"
3248,"CharlieHeaton,"
3249,"JacobTremblay,Oliver"
3250,"Platt,Mark"
3251,"Chao,Ni"
3252,"Ni,Dave"
3253,"Bautista,Sienna"
3254,"Guillory,Kurt"
3255,"Russell,Rose"
3256,"McGowan,Danny"
3257,"Trejo,Zoë"
3258,"Bell,Carmen"
3259,"Electra,Vanessa"
3260,"Lachey,NicoleParker,"
3261,"MattLanter,"
3262,"SylvesterStallone,"
3263,"AntonioTarver,"
3264,"MiloVentimiglia,"
3265,"BurtYoung,"
3266,"ZacharyGordon,"
3267,"RobertCapron,"
3268,"DevonBostick,Steve"
3269,"Zahn,Mia"
3270,"Wasikowska,Michael"
3271,"Fassbender,Jamie"
3272,"Bell,Su"
3273,"Elliot,Matthew"
3274,"McConaughey,Kate"
3275,"Hudson,Donald"
3276,"Sutherland,Alexis"
3277,"Dziena,Sacha"
3278,"BaronCohen,"
3279,"AnnaFaris,"
3280,JohnC.
3281,"Reilly,Ben"
3282,"Kingsley,Karl"
3283,"Urban,James"
3284,"Marsden,Wentworth"
3285,"Miller,Eric"
3286,"Stonestreet,Adrian"
3287,"Titieni,Maria-Victoria"
3288,"Dragus,Lia"
3289,"Bugnar,MalinaManovici,"
3290,"AdamSandler,"
3291,"JohnTurturro,"
3292,"EmmanuelleChriqui,Nick"
3293,"Swardson,Ana"
3294,"deArmas,"
3295,"KeanuReeves,"
3296,"ChristopherMcDonald,"
3297,"MiraSorvino,"
3298,"EthanHawke,"
3299,"SallyHawkins,"
3300,"KariMatchett,"
3301,"ZacharyBennett,"
3302,"JasonBateman,"
3303,"JasonSudeikis,"
3304,"CharlieDay,"
3305,"JenniferAniston,"
3306,"TildaSwinton,"
3307,"MatthiasSchoenaerts,"
3308,"RalphFiennes,"
3309,"DakotaJohnson,"
3310,"KirstenDunst,"
3311,"CharlotteGainsbourg,"
3312,"KieferSutherland,"
3313,"AlexanderSkarsgård,"
3314,AnikaNoni
3315,"Rose,Keith"
3316,"David,Oprah"
3317,"Winfrey,Bruno"
3318,"Campos,Denzel"
3319,"Washington,Chris"
3320,"Pine,Rosario"
3321,"Dawson,Ethan"
3322,"Suplee,Denzel"
3323,"Washington,Nadine"
3324,"Velazquez,Don"
3325,"Cheadle,John"
3326,"Goodman,Jim"
3327,"Parsons,Rihanna,"
3328,"SteveMartin,"
3329,"JenniferLopez,"
3330,"GeoffreyRush,"
3331,"JimSturgess,"
3332,"SylviaHoeks,Donald"
3333,"Sutherland,Sophie"
3334,"Nélisse,Josh"
3335,"Wiggins,Joe"
3336,"Cobden,Bill"
3337,"Paxton,Chadwick"
3338,"Boseman,T.R."
3339,"Knight,Harrison"
3340,"Ford,NicoleBeharie,"
3341,"JimSturgess,"
3342,"KateBosworth,"
3343,"KevinSpacey,"
3344,"AaronYoo,"
3345,"KeiraKnightley,"
3346,"MarkRuffalo,"
3347,"AdamLevine,"
3348,"HaileeSteinfeld,"
3349,"ChristianBale,"
3350,"CaseyAffleck,"
3351,"ZoeSaldana,"
3352,"WoodyHarrelson,"
3353,"RebeccaHall,"
3354,"ScarlettJohansson,"
3355,"JavierBardem,Christopher"
3356,"EvanWelch,"
3357,"JackBlack,"
3358,"IanMcShane,Angelina"
3359,"Jolie,Dustin"
3360,"Hoffman,Ice"
3361,"Cube,Regina"
3362,"Hall,Anthony"
3363,"Anderson,Eve,"
3364,"ChristianBale,"
3365,"SamWorthington,"
3366,"AntonYelchin,"
3367,"MoonBloodgood,"
3368,"HilarySwank,"
3369,"ImeldaStaunton,"
3370,"PatrickDempsey,"
3371,"ScottGlenn,"
3372,"TedLevine,"
3373,"KathleenQuinlan,"
3374,"DanByrd,"
3375,Emiliede
3376,"Ravin,Angelina"
3377,"Jolie,Colm"
3378,"Feore,Amy"
3379,"Ryan,Gattlin"
3380,"Griffith,Robert"
3381,"Pattinson,Emilie"
3382,"deRavin,"
3383,"CaitlynRund,Moisés"
3384,"Acevedo,Miyu"
3385,"Irino,Saori"
3386,"Hayami,Aoi"
3387,"Yuki,Kenshô"
3388,"Ono,Steve"
3389,"Carell,Jennifer"
3390,"Garner,Ed"
3391,"Oxenbould,Dylan"
3392,"Minnette,Tom"
3393,"Hardy,Olivia"
3394,"Colman,Ruth"
3395,"Wilson,Andrew"
3396,"Scott,Jamie"
3397,"Dornan,Aiden"
3398,"Longworth,Sarah"
3399,"Gadon,AaronPaul,"
3400,"DanielRadcliffe,"
3401,"JunoTemple,"
3402,"MaxMinghella,"
3403,"JoeAnderson,"
3404,"LoganLerman,"
3405,"SarahGadon,"
3406,"TijuanaRicks,"
3407,"SueDahlman,"
3408,"EzraMiller,"
3409,"TyeSheridan,"
3410,"BillyCrudup,"
3411,"OliviaThirlby,"
3412,"ZacharyGordon,"
3413,"DevonBostick,"
3414,"RobertCapron,Rachael"
3415,"Harris,Tom"
3416,"Cruise,Michelle"
3417,"Monaghan,Ving"
3418,"Rhames,Philip"
3419,"SeymourHoffman,"
3420,"RolfLassgård,"
3421,"BaharPars,"
3422,"FilipBerg,"
3423,"IdaEngvoll,"
3424,"JustinChatwin,"
3425,"JamesMarsters,"
3426,"Yun-FatChow,"
3427,"EmmyRossum,"
3428,"ChrisHemsworth,"
3429,"IsabelLucas,"
3430,"JoshHutcherson,"
3431,"JoshPeck,"
3432,"AnneHathaway,"
3433,"JimSturgess,"
3434,"PatriciaClarkson,Tom"
3435,"Mison,Katherine"
3436,"Heigl,Josh"
3437,"Duhamel,Josh"
3438,"Lucas,Alexis"
3439,"Clagett,Jeremy"
3440,"Renner,Rose"
3441,"Byrne,Robert"
3442,"Carlyle,Harold"
3443,"Perrineau,Nicholas"
3444,"Hoult,Teresa"
3445,"Palmer,John"
3446,"Malkovich,AnaleighTipton,"
3447,"CateBlanchett,"
3448,"AlecBaldwin,"
3449,"PeterSarsgaard,"
3450,"SallyHawkins,"
3451,"DwayneJohnson,"
3452,"ChanningTatum,"
3453,"AdriannePalicki,Byung-hun"
3454,"Lee,Sam"
3455,"Worthington,Liam"
3456,"Neeson,Rosamund"
3457,"Pike,Ralph"
3458,"Fiennes,Hiroki"
3459,"Hasegawa,Yutaka"
3460,"Takenouchi,SatomiIshihara,"
3461,"RenÔsugi,"
3462,"EmmaThompson,"
3463,"TomHanks,"
3464,AnnieRose
3465,"Buckley,Colin"
3466,"Farrell,Johnny"
3467,"Depp,Rebecca"
3468,"Hall,Morgan"
3469,"Freeman,Cillian"
3470,"Murphy,Jesse"
3471,"Eisenberg,Anne"
3472,"Hathaway,George"
3473,"Lopez,KarenDisher,"
3474,"NicholasHoult,"
3475,"KristenStewart,"
3476,"VernettaLopez,Scott"
3477,"Lawrence,Brad"
3478,"Pitt,Cate"
3479,"Blanchett,Gael"
3480,"GarcíaBernal,"
3481,"MohamedAkhzam,"
3482,"BradPitt,"
3483,"SeanPenn,"
3484,"JessicaChastain,"
3485,"HunterMcCracken,"
3486,"ZacEfron,"
3487,"TaylorSchilling,"
3488,"BlytheDanner,"
3489,RileyThomas
3490,"Stewart,""Elisabeth"
3491,"Shue,Jerry"
3492,"OConnell,Richard"
3493,"Dreyfuss,VingRhames"","
3494,"JosephGordon-Levitt,"
3495,"SethRogen,"
3496,"AnnaKendrick,"
3497,BryceDallas
3498,"Howard,Dylan"
3499,"Duffus,Scorcher,Shone"
3500,"Romulus,Jade"
3501,"Asha,Paul"
3502,"Rudd,Leslie"
3503,"Mann,Maude"
3504,"Apatow,Iris"
3505,"Apatow,Hugh"
3506,"Jackman,Evangeline"
3507,"Lilly,Dakota"
3508,"Goyo,AnthonyMackie,"
3509,SarahJessica
3510,"Parker,Kim"
3511,"Cattrall,Cynthia"
3512,"Nixon,Kristin"
3513,"Davis,Sylvester"
3514,"Stallone,Julie"
3515,"Benz,Matthew"
3516,"Marsden,Graham"
3517,"McTavish,Rose"
3518,"McGowan,Freddy"
3519,"Rodríguez,Josh"
3520,"Brolin,MarleyShelton,"
3521,"WillSmith,"
3522,"AlecBaldwin,"
3523,"AlbertBrooks,"
3524,"DavidMorse,"
3525,"LeePace,"
3526,"CatincaUntaru,"
3527,"JustineWaddell,"
3528,"KimUylenbroek,"
3529,"KatherineHeigl,"
3530,"GerardButler,"
3531,"BreeTurner,"
3532,"EricWinter,"
3533,"KateHudson,"
3534,"AnneHathaway,"
3535,"CandiceBergen,"
3536,"BryanGreenberg,"
3537,"JasonSudeikis,"
3538,"AlisonBrie,"
3539,"JordanCarlos,Margarita"
3540,"Levieva,Samuel"
3541,"L.Jackson,"
3542,"JuliannaMargulies,"
3543,"NathanPhillips,"
3544,"RachelBlanchard,"
3545,"DanielRadcliffe,"
3546,"ZoeKazan,"
3547,"MeganPark,"
3548,"AdamDriver,"
3549,"JayBaruchel,"
3550,"CateBlanchett,"
3551,"GerardButler,"
3552,"CraigFerguson,"
3553,"JoelKinnaman,"
3554,"GaryOldman,"
3555,"MichaelKeaton,"
3556,"AbbieCornish,"
3557,"""NatWolff,"
3558,"JamesFranco,"
3559,"VincentDOnofrio,"
3560,"SelenaGomez"","
3561,"SallyField,"
3562,"MaxGreenfield,"
3563,"TyneDaly,"
3564,"WendiMcLendon-Covey,"
3565,"GeorgeClooney,"
3566,"BradPitt,"
3567,"MattDamon,Michael"
3568,"Mantell,Nathan"
3569,"Fillion,Elizabeth"
3570,"Banks,Michael"
3571,"Rooker,Don"
3572,"Thompson,Matt"
3573,"Damon,Kate"
3574,"Winslet,Jude"
3575,"Law,Gwyneth"
3576,"Paltrow,Salma"
3577,"Hayek,Vincent"
3578,"Cassel,Toby"
3579,"Jones,John"
3580,"C.Reilly,"
3581,"RuthWilson,"
3582,"PaulaPrentiss,"
3583,"LucyBoynton,"
3584,"BobBalaban,"
3585,"JoshHutcherson,"
3586,"AnnaSophiaRobb,"
3587,"ZooeyDeschanel,"
3588,"RobertPatrick,"
3589,"EmilyBaldoni,"
3590,"MaurySterling,"
3591,"NicholasBrendon,"
3592,"ElizabethGracen,"
3593,"JamalWoolard,"
3594,"AnthonyMackie,"
3595,"DerekLuke,Momo"
3596,"Dione,Jun"
3597,"Kunimura,Jung-min"
3598,"Hwang,Do-won"
3599,"Kwak,Woo-hee"
3600,"Chun,Sylvester"
3601,"Stallone,Liam"
3602,"Hemsworth,Randy"
3603,"Couture,Jean-ClaudeVan"
3604,"Damme,William"
3605,"Atherton,Blythe"
3606,"Auffarth,Blanche"
3607,"Baker,KevinChamberlin,"
3608,"BenWhishaw,"
3609,"DustinHoffman,"
3610,"AlanRickman,Francesc"
3611,"Albiol,Nicole"
3612,"Kidman,Daniel"
3613,"Craig,Dakota"
3614,"BlueRichards,"
3615,"BenWalker,"
3616,"MichaelFassbender,"
3617,"DominicWest,"
3618,"OlgaKurylenko,Andreas"
3619,"Wisniewski,Tye"
3620,"Sheridan,Logan"
3621,"Miller,Joey"
3622,"Morgan,SarahDumont,"
3623,"ZacEfron,"
3624,"MatthewPerry,"
3625,"LeslieMann,"
3626,"ThomasLennon,"
3627,"LakeBell,"
3628,"PierceBrosnan,"
3629,"OwenWilson,Chatchawai"
3630,"Kamonsakpitak,Brandon"
3631,"Routh,Kevin"
3632,"Spacey,Kate"
3633,"Bosworth,James"
3634,"Marsden,Kristen"
3635,"Stewart,Robert"
3636,"Pattinson,Taylor"
3637,"Lautner,Gil"
3638,"Birmingham,""Gabourey"
3639,"Sidibe,MoNique,"
3640,"PaulaPatton,"
3641,"MariahCarey"","
3642,"MatthewMcConaughey,"
3643,"NaomiWatts,"
3644,"KenWatanabe,Ryoko"
3645,"Seta,Zoey"
3646,"Deutch,Nicholas"
3647,"Braun,Mateo"
3648,"Arias,Israel"
3649,"Broussard,Philip"
3650,"SeymourHoffman,"
3651,"JoaquinPhoenix,Amy"
3652,"Adams,Jesse"
3653,"Plemons,Kenny"
3654,"Wormald,Julianne"
3655,"Hough,Dennis"
3656,"Quaid,AndieMacDowell,"
3657,ChloëGrace
3658,"Moretz,Mireille"
3659,"Enos,Jamie"
3660,"Blackley,JoshuaLeonard,"
3661,"DanStevens,"
3662,"MalinAkerman,"
3663,"OliverPlatt,"
3664,"KerryBishé,"
3665,"TyeSheridan,"
3666,"EmoryCohen,"
3667,"BelPowley,Stephen"
3668,"Moyer,Samantha"
3669,"Robinson,Jeffrey"
3670,"VincentParise,"
3671,"LauraWaddell,"
3672,"GianKeys,"
3673,"WillFerrell,"
3674,JohnC.
3675,"Reilly,Sacha"
3676,"BaronCohen,"
3677,"GaryCole,"
3678,"DieterLaser,"
3679,AshleyC.
3680,"Williams,Ashlynn"
3681,"Yennie,Akihiro"
3682,"Kitamura,Rainn"
3683,"Wilson,Ellen"
3684,"Page,Liv"
3685,"Tyler,Kevin"
3686,"Bacon,""Jamie"
3687,"Dornan,Mark"
3688,"Strong,Jason"
3689,"OMara,Michael"
3690,"McElhatton"",George"
3691,"Clooney,Vera"
3692,"Farmiga,Anna"
3693,"Kendrick,JasonBateman,"
3694,"VinnieJones,"
3695,"BradleyCooper,"
3696,"LeslieBibb,"
3697,"BrookeShields,"
3698,"KristenStewart,"
3699,"RobertPattinson,"
3700,"TaylorLautner,Xavier"
3701,"Samuel,Johnny"
3702,"Simmons,Gabriel"
3703,"Luna,Clifton"
3704,"CollinsJr.,David"
3705,"Acord,Anna"
3706,"Faris,Chris"
3707,"Evans,Ari"
3708,"Graynor,Blythe"
3709,"Danner,Vin"
3710,"Diesel,Karl"
3711,"Urban,Katee"
3712,"Sackhoff,Jordi"
3713,"Mollà,Melissa"
3714,"George,Joshua"
3715,"McIvor,Jack"
3716,"Taylor,MichaelDorman,"
3717,"ForestWhitaker,"
3718,"OprahWinfrey,"
3719,"JohnCusack,"
3720,"JaneFonda,"
3721,"GarrettClayton,"
3722,"ChristianSlater,"
3723,"MollyRingwald,James"
3724,"Kelley,Jaden"
3725,"Smith,David"
3726,"Denman,Will"
3727,"Smith,SophieOkonedo,"
3728,"JahkingGuillory,"
3729,ChristopherJordan
3730,"Wallace,ChristopherMeyer,"
3731,"KofiSiriboe,"
3732,"ThomasMann,"
3733,"RJCyler,"
3734,"OliviaCooke,"
3735,"NickOfferman,"
3736,"GeorgeClooney,"
3737,"ShaileneWoodley,"
3738,"AmaraMiller,"
3739,"NickKrause,"
3740,SarahJessica
3741,"Parker,Kim"
3742,"Cattrall,Kristin"
3743,"Davis,Cynthia"
3744,"Nixon,Nick"
3745,"Robinson,Gabriel"
3746,"Basso,Moises"
3747,"Arias,NickOfferman,"
3748,"JasonStatham,"
3749,"JoanAllen,"
3750,"TyreseGibson,"
3751,"IanMcShane,"
3752,"ZacEfron,"
3753,MichaelB.
3754,"Jordan,Miles"
3755,"Teller,Imogen"
3756,"Poots,Paul"
3757,"Bettany,Dennis"
3758,"Quaid,Charles"
3759,"S.Dutton,"
3760,"LucasBlack,"
3761,"JakeGyllenhaal,"
3762,"MichaelPeña,"
3763,"AnnaKendrick,"
3764,"AmericaFerrera,"
3765,"KevinCostner,"
3766,"HaileeSteinfeld,"
3767,"ConnieNielsen,"
3768,"AmberHeard,"
3769,"JoshHartnett,"
3770,"BenKingsley,"
3771,"MorganFreeman,"
3772,"LucyLiu,"
3773,"JamesMcAvoy,"
3774,"RosarioDawson,"
3775,"VincentCassel,Danny"
3776,"Sapani,Ellen"
3777,"Page,Evan"
3778,"RachelWood,"
3779,"MaxMinghella,Callum"
3780,"KeithRennie,"
3781,"NataliePortman,"
3782,"ScarlettJohansson,"
3783,"EricBana,Jim"
3784,"Sturgess,Sarah"
3785,"Butler,Jeff"
3786,"Branson,Andrew"
3787,"Howard,DanielFranzese,"
3788,"ViolaDavis,"
3789,"HaydenPanettiere,"
3790,CatalinaSandino
3791,"Moreno,Ellen"
3792,"Burstyn,Laura"
3793,"Dern,Jeremy"
3794,"Irons,Justin"
3795,"Theroux,Karolina"
3796,"Gruszka,Lambert"
3797,"Wilson,Pierre"
3798,"Niney,Audrey"
3799,"Tautou,LaurentLucas,"
3800,"JosephGordon-Levitt,"
3801,CharlotteLe
3802,"Bon,GuillaumeBaillargeon,"
3803,"ÉmilieLeclerc,"
3804,"AnnaHutchison,"
3805,"AndreaWhitburn,"
3806,"JenniferKoenig,Michael"
3807,"Dickson,Johnny"
3808,"Depp,Armie"
3809,"Hammer,William"
3810,"Fichtner,TomWilkinson,"
3811,"AlexandraDaddario,"
3812,"TaniaRaymonde,"
3813,"ScottEastwood,"
3814,"TreySongz,"
3815,"ShiaLaBeouf,"
3816,"DavidMorse,"
3817,"Carrie-AnneMoss,"
3818,"SarahRoemer,"
3819,"JulianneHough,"
3820,"DiegoBoneta,"
3821,"TomCruise,"
3822,"AlecBaldwin,"
3823,"NeveCampbell,"
3824,"CourteneyCox,"
3825,"DavidArquette,"
3826,"LucyHale,"
3827,"""MadinaNalwanga,"
3828,"DavidOyelowo,"
3829,"LupitaNyongo,"
3830,"MartinKabanza"","
3831,"NiaVardalos,"
3832,"JohnCorbett,"
3833,"MichaelConstantine,"
3834,"LainieKazan,"
3835,"CharlizeTheron,"
3836,"NicholasHoult,"
3837,"ChristinaHendricks,"
3838,ChloëGrace
3839,"Moretz,Jason"
3840,"Biggs,Janet"
3841,"Montgomery,AshleyTisdale,"
3842,BriaL.
3843,"Murphy,Nathalie"
3844,"Baye,Vincent"
3845,"Cassel,Marion"
3846,"Cotillard,Léa"
3847,"Seydoux,Antonio"
3848,"Banderas,Elena"
3849,"Anaya,Jan"
3850,"Cornet,MarisaParedes,"
3851,"JenniferGarner,"
3852,"KylieRogers,"
3853,"MartinHenderson,Brighton"
3854,"Sharbino,Quvenzhané"
3855,"Wallis,Cameron"
3856,"Diaz,Jamie"
3857,"Foxx,Rose"
3858,"Byrne,Evan"
3859,"RachelWood,"
3860,"JimSturgess,"
3861,"JoeAnderson,"
3862,"DanaFuchs,"
3863,"JakeJohnson,"
3864,DamonWayans
3865,"Jr.,Rob"
3866,"Riggle,Nina"
3867,"Dobrev,Thomas"
3868,"HadenChurch,"
3869,"JoshWiggins,"
3870,"LukeKleintank,Lauren"
3871,"Graham,Danny"
3872,"McBride,Natalie"
3873,"Portman,James"
3874,"Franco,Rasmus"
3875,"Hardiker,""Nicholas"
3876,"DAgosto,Emma"
3877,"Bell,Arlen"
3878,"Escarpeta,Miles"
3879,"Fisher"",Gabriella"
3880,"Wilde,Alex"
3881,"Pettyfer,Bruce"
3882,"Greenwood,RobertPatrick,"
3883,"MorjanaAlaoui,"
3884,"MylèneJampanoï,"
3885,"CatherineBégin,Robert"
3886,"Toupin,David"
3887,"Oyelowo,Carmen"
3888,"Ejogo,Tim"
3889,"Roth,Lorraine"
3890,"Toussaint,Rhona"
3891,"Mitra,Michael"
3892,"Sheen,Bill"
3893,"Nighy,Steven"
3894,"Mackintosh,Darsheel"
3895,"Safary,Aamir"
3896,"Khan,Tanay"
3897,"Chheda,Sachet"
3898,"Engineer,Topher"
3899,"Grace,Anna"
3900,"Faris,Dan"
3901,"Fogler,Teresa"
3902,"Palmer,Milla"
3903,"Jovovich,Ali"
3904,"Larter,Wentworth"
3905,"Miller,KimCoates,"
3906,"ThomasMann,"
3907,"OliverCooper,"
3908,JonathanDaniel
3909,"Brown,Dax"
3910,"Flame,Chiwetel"
3911,"Ejiofor,Nicole"
3912,"Kidman,Julia"
3913,"Roberts,Dean"
3914,"Norris,Lauren"
3915,"German,Heather"
3916,"Matarazzo,Bijou"
3917,"Phillips,Roger"
3918,"Bart,Robert"
3919,"Hoffman,Briana"
3920,"Evigan,Cassie"
3921,"Ventura,Adam"
3922,"G.Sevani,"
3923,"AdamPally,"
3924,"T.J.Miller,"
3925,"ThomasMiddleditch,Shannon"
3926,"Woodward,Kevin"
3927,"Spacey,Jennifer"
3928,"Garner,Robbie"
3929,"Amell,CherylHines]"
